k,auc,auprc,accuracy,balanced_accuracy,f1,precision,recall,specificity,threshold,tn,fp,fn,tp,repeat,selected_models
1,0.885965,0.912180,0.787500,0.787594,0.795181,0.804878,0.785714,0.789474,0.500000,30,8,9,33,1,hoptimus1
1,0.894110,0.922796,0.787500,0.787594,0.795181,0.804878,0.785714,0.789474,0.500000,30,8,9,33,2,hoptimus1
1,0.889724,0.914694,0.825000,0.825815,0.829268,0.850000,0.809524,0.842105,0.500000,32,6,8,34,3,hoptimus1
1,0.894737,0.923561,0.800000,0.799499,0.809524,0.809524,0.809524,0.789474,0.500000,30,8,8,34,4,hoptimus1
1,0.892231,0.919648,0.787500,0.786341,0.800000,0.790698,0.809524,0.763158,0.500000,29,9,8,34,5,hoptimus1
1,0.901629,0.926793,0.812500,0.811404,0.823529,0.813953,0.833333,0.789474,0.500000,30,8,7,35,6,hoptimus1
1,0.902256,0.927147,0.800000,0.800752,0.804878,0.825000,0.785714,0.815789,0.500000,31,7,9,33,7,hoptimus1
1,0.896617,0.924651,0.812500,0.812657,0.819277,0.829268,0.809524,0.815789,0.500000,31,7,8,34,8,hoptimus1
1,0.894737,0.921484,0.800000,0.799499,0.809524,0.809524,0.809524,0.789474,0.500000,30,8,8,34,9,hoptimus1
1,0.888471,0.919970,0.800000,0.799499,0.809524,0.809524,0.809524,0.789474,0.500000,30,8,8,34,10,hoptimus1
1,0.894110,0.922907,0.800000,0.800752,0.804878,0.825000,0.785714,0.815789,0.500000,31,7,9,33,11,hoptimus1
1,0.893484,0.921543,0.812500,0.812657,0.819277,0.829268,0.809524,0.815789,0.500000,31,7,8,34,12,hoptimus1
1,0.896617,0.923757,0.812500,0.811404,0.823529,0.813953,0.833333,0.789474,0.500000,30,8,7,35,13,hoptimus1
1,0.896617,0.923890,0.787500,0.787594,0.795181,0.804878,0.785714,0.789474,0.500000,30,8,9,33,14,hoptimus1
1,0.897243,0.923806,0.800000,0.799499,0.809524,0.809524,0.809524,0.789474,0.500000,30,8,8,34,15,hoptimus1
1,0.895990,0.923242,0.787500,0.787594,0.795181,0.804878,0.785714,0.789474,0.500000,30,8,9,33,16,hoptimus1
1,0.893484,0.921178,0.800000,0.800752,0.804878,0.825000,0.785714,0.815789,0.500000,31,7,9,33,17,hoptimus1
1,0.896617,0.923257,0.800000,0.800752,0.804878,0.825000,0.785714,0.815789,0.500000,31,7,9,33,18,hoptimus1
1,0.894110,0.922262,0.787500,0.787594,0.795181,0.804878,0.785714,0.789474,0.500000,30,8,9,33,19,hoptimus1
1,0.895363,0.923559,0.787500,0.787594,0.795181,0.804878,0.785714,0.789474,0.500000,30,8,9,33,20,hoptimus1
2,0.912281,0.929245,0.812500,0.812657,0.819277,0.829268,0.809524,0.815789,0.500000,31,7,8,34,1,hoptimus1;virchow
2,0.912281,0.931397,0.812500,0.812657,0.819277,0.829268,0.809524,0.815789,0.500000,31,7,8,34,2,hoptimus1;virchow
2,0.916667,0.933334,0.812500,0.812657,0.819277,0.829268,0.809524,0.815789,0.500000,31,7,8,34,3,hoptimus1;virchow
2,0.919173,0.936773,0.812500,0.812657,0.819277,0.829268,0.809524,0.815789,0.500000,31,7,8,34,4,hoptimus1;virchow
2,0.917293,0.933590,0.812500,0.812657,0.819277,0.829268,0.809524,0.815789,0.500000,31,7,8,34,5,hoptimus1;virchow
2,0.918546,0.936228,0.825000,0.824561,0.833333,0.833333,0.833333,0.815789,0.500000,31,7,7,35,6,hoptimus1;virchow
2,0.911028,0.927709,0.812500,0.811404,0.823529,0.813953,0.833333,0.789474,0.500000,30,8,7,35,7,hoptimus1;virchow
2,0.912281,0.932625,0.812500,0.812657,0.819277,0.829268,0.809524,0.815789,0.500000,31,7,8,34,8,hoptimus1;virchow
2,0.911028,0.932403,0.800000,0.799499,0.809524,0.809524,0.809524,0.789474,0.500000,30,8,8,34,9,hoptimus1;virchow
2,0.898496,0.924658,0.812500,0.812657,0.819277,0.829268,0.809524,0.815789,0.500000,31,7,8,34,10,hoptimus1;virchow
2,0.910401,0.932171,0.812500,0.812657,0.819277,0.829268,0.809524,0.815789,0.500000,31,7,8,34,11,hoptimus1;virchow
2,0.911028,0.930112,0.812500,0.812657,0.819277,0.829268,0.809524,0.815789,0.500000,31,7,8,34,12,hoptimus1;virchow
2,0.911028,0.930068,0.812500,0.812657,0.819277,0.829268,0.809524,0.815789,0.500000,31,7,8,34,13,hoptimus1;virchow
2,0.911654,0.928976,0.812500,0.812657,0.819277,0.829268,0.809524,0.815789,0.500000,31,7,8,34,14,hoptimus1;virchow
2,0.916667,0.934459,0.800000,0.799499,0.809524,0.809524,0.809524,0.789474,0.500000,30,8,8,34,15,hoptimus1;virchow
2,0.910401,0.928179,0.812500,0.812657,0.819277,0.829268,0.809524,0.815789,0.500000,31,7,8,34,16,hoptimus1;virchow
2,0.907895,0.927713,0.812500,0.812657,0.819277,0.829268,0.809524,0.815789,0.500000,31,7,8,34,17,hoptimus1;virchow
2,0.909774,0.928719,0.812500,0.812657,0.819277,0.829268,0.809524,0.815789,0.500000,31,7,8,34,18,hoptimus1;virchow
2,0.914787,0.935407,0.825000,0.825815,0.829268,0.850000,0.809524,0.842105,0.500000,32,6,8,34,19,hoptimus1;virchow
2,0.917920,0.933732,0.825000,0.823308,0.837209,0.818182,0.857143,0.789474,0.500000,30,8,6,36,20,hoptimus1;virchow
3,0.924185,0.942432,0.850000,0.852130,0.850000,0.894737,0.809524,0.894737,0.500000,34,4,8,34,1,hoptimus1;virchow;hibou_l
3,0.911654,0.936040,0.837500,0.838972,0.839506,0.871795,0.809524,0.868421,0.500000,33,5,8,34,2,hoptimus1;virchow;hibou_l
3,0.926692,0.945753,0.825000,0.825815,0.829268,0.850000,0.809524,0.842105,0.500000,32,6,8,34,3,hoptimus1;virchow;hibou_l
3,0.924185,0.943091,0.837500,0.838972,0.839506,0.871795,0.809524,0.868421,0.500000,33,5,8,34,4,hoptimus1;virchow;hibou_l
3,0.912281,0.935607,0.812500,0.813910,0.814815,0.846154,0.785714,0.842105,0.500000,32,6,9,33,5,hoptimus1;virchow;hibou_l
3,0.921053,0.942089,0.800000,0.799499,0.809524,0.809524,0.809524,0.789474,0.500000,30,8,8,34,6,hoptimus1;virchow;hibou_l
3,0.917293,0.937299,0.825000,0.825815,0.829268,0.850000,0.809524,0.842105,0.500000,32,6,8,34,7,hoptimus1;virchow;hibou_l
3,0.917293,0.940405,0.837500,0.838972,0.839506,0.871795,0.809524,0.868421,0.500000,33,5,8,34,8,hoptimus1;virchow;hibou_l
3,0.921679,0.942254,0.837500,0.838972,0.839506,0.871795,0.809524,0.868421,0.500000,33,5,8,34,9,hoptimus1;virchow;hibou_l
3,0.907268,0.933326,0.812500,0.813910,0.814815,0.846154,0.785714,0.842105,0.500000,32,6,9,33,10,hoptimus1;virchow;hibou_l
3,0.912281,0.936102,0.775000,0.774436,0.785714,0.785714,0.785714,0.763158,0.500000,29,9,9,33,11,hoptimus1;virchow;hibou_l
3,0.917920,0.939869,0.812500,0.812657,0.819277,0.829268,0.809524,0.815789,0.500000,31,7,8,34,12,hoptimus1;virchow;hibou_l
3,0.922932,0.941931,0.837500,0.838972,0.839506,0.871795,0.809524,0.868421,0.500000,33,5,8,34,13,hoptimus1;virchow;hibou_l
3,0.917920,0.938260,0.812500,0.812657,0.819277,0.829268,0.809524,0.815789,0.500000,31,7,8,34,14,hoptimus1;virchow;hibou_l
3,0.924812,0.944918,0.825000,0.825815,0.829268,0.850000,0.809524,0.842105,0.500000,32,6,8,34,15,hoptimus1;virchow;hibou_l
3,0.912907,0.934774,0.837500,0.838972,0.839506,0.871795,0.809524,0.868421,0.500000,33,5,8,34,16,hoptimus1;virchow;hibou_l
3,0.901629,0.927004,0.800000,0.802005,0.800000,0.842105,0.761905,0.842105,0.500000,32,6,10,32,17,hoptimus1;virchow;hibou_l
3,0.923559,0.944372,0.825000,0.825815,0.829268,0.850000,0.809524,0.842105,0.500000,32,6,8,34,18,hoptimus1;virchow;hibou_l
3,0.917920,0.940566,0.825000,0.825815,0.829268,0.850000,0.809524,0.842105,0.500000,32,6,8,34,19,hoptimus1;virchow;hibou_l
3,0.922306,0.942687,0.850000,0.850877,0.853659,0.875000,0.833333,0.868421,0.500000,33,5,7,35,20,hoptimus1;virchow;hibou_l
4,0.912907,0.937602,0.850000,0.852130,0.850000,0.894737,0.809524,0.894737,0.500000,34,4,8,34,1,hoptimus1;virchow;hibou_l;hoptimus0
4,0.907268,0.934385,0.837500,0.838972,0.839506,0.871795,0.809524,0.868421,0.500000,33,5,8,34,2,hoptimus1;virchow;hibou_l;hoptimus0
4,0.913534,0.937921,0.812500,0.812657,0.819277,0.829268,0.809524,0.815789,0.500000,31,7,8,34,3,hoptimus1;virchow;hibou_l;hoptimus0
4,0.914787,0.938130,0.837500,0.838972,0.839506,0.871795,0.809524,0.868421,0.500000,33,5,8,34,4,hoptimus1;virchow;hibou_l;hoptimus0
4,0.909148,0.935073,0.812500,0.813910,0.814815,0.846154,0.785714,0.842105,0.500000,32,6,9,33,5,hoptimus1;virchow;hibou_l;hoptimus0
4,0.907268,0.934835,0.812500,0.812657,0.819277,0.829268,0.809524,0.815789,0.500000,31,7,8,34,6,hoptimus1;virchow;hibou_l;hoptimus0
4,0.911028,0.933875,0.812500,0.813910,0.814815,0.846154,0.785714,0.842105,0.500000,32,6,9,33,7,hoptimus1;virchow;hibou_l;hoptimus0
4,0.909148,0.936838,0.825000,0.825815,0.829268,0.850000,0.809524,0.842105,0.500000,32,6,8,34,8,hoptimus1;virchow;hibou_l;hoptimus0
4,0.909148,0.937612,0.837500,0.838972,0.839506,0.871795,0.809524,0.868421,0.500000,33,5,8,34,9,hoptimus1;virchow;hibou_l;hoptimus0
4,0.897870,0.928441,0.812500,0.812657,0.819277,0.829268,0.809524,0.815789,0.500000,31,7,8,34,10,hoptimus1;virchow;hibou_l;hoptimus0
4,0.909774,0.934498,0.775000,0.774436,0.785714,0.785714,0.785714,0.763158,0.500000,29,9,9,33,11,hoptimus1;virchow;hibou_l;hoptimus0
4,0.901003,0.933374,0.812500,0.812657,0.819277,0.829268,0.809524,0.815789,0.500000,31,7,8,34,12,hoptimus1;virchow;hibou_l;hoptimus0
4,0.910401,0.935890,0.837500,0.838972,0.839506,0.871795,0.809524,0.868421,0.500000,33,5,8,34,13,hoptimus1;virchow;hibou_l;hoptimus0
4,0.900376,0.930091,0.825000,0.825815,0.829268,0.850000,0.809524,0.842105,0.500000,32,6,8,34,14,hoptimus1;virchow;hibou_l;hoptimus0
4,0.921053,0.943153,0.825000,0.825815,0.829268,0.850000,0.809524,0.842105,0.500000,32,6,8,34,15,hoptimus1;virchow;hibou_l;hoptimus0
4,0.914787,0.936193,0.837500,0.838972,0.839506,0.871795,0.809524,0.868421,0.500000,33,5,8,34,16,hoptimus1;virchow;hibou_l;hoptimus0
4,0.888471,0.919633,0.800000,0.802005,0.800000,0.842105,0.761905,0.842105,0.500000,32,6,10,32,17,hoptimus1;virchow;hibou_l;hoptimus0
4,0.914160,0.939981,0.825000,0.825815,0.829268,0.850000,0.809524,0.842105,0.500000,32,6,8,34,18,hoptimus1;virchow;hibou_l;hoptimus0
4,0.904135,0.934640,0.825000,0.825815,0.829268,0.850000,0.809524,0.842105,0.500000,32,6,8,34,19,hoptimus1;virchow;hibou_l;hoptimus0
4,0.920426,0.942180,0.837500,0.838972,0.839506,0.871795,0.809524,0.868421,0.500000,33,5,8,34,20,hoptimus1;virchow;hibou_l;hoptimus0
5,0.922306,0.943734,0.850000,0.852130,0.850000,0.894737,0.809524,0.894737,0.500000,34,4,8,34,1,hoptimus1;virchow;hibou_l;hoptimus0;lunit-vits8
5,0.902256,0.930760,0.837500,0.838972,0.839506,0.871795,0.809524,0.868421,0.500000,33,5,8,34,2,hoptimus1;virchow;hibou_l;hoptimus0;lunit-vits8
5,0.904135,0.932943,0.825000,0.825815,0.829268,0.850000,0.809524,0.842105,0.500000,32,6,8,34,3,hoptimus1;virchow;hibou_l;hoptimus0;lunit-vits8
5,0.907895,0.934578,0.837500,0.838972,0.839506,0.871795,0.809524,0.868421,0.500000,33,5,8,34,4,hoptimus1;virchow;hibou_l;hoptimus0;lunit-vits8
5,0.905388,0.932367,0.825000,0.825815,0.829268,0.850000,0.809524,0.842105,0.500000,32,6,8,34,5,hoptimus1;virchow;hibou_l;hoptimus0;lunit-vits8
5,0.906015,0.934033,0.812500,0.812657,0.819277,0.829268,0.809524,0.815789,0.500000,31,7,8,34,6,hoptimus1;virchow;hibou_l;hoptimus0;lunit-vits8
5,0.911654,0.934324,0.837500,0.837719,0.843373,0.853659,0.833333,0.842105,0.500000,32,6,7,35,7,hoptimus1;virchow;hibou_l;hoptimus0;lunit-vits8
5,0.903509,0.932785,0.812500,0.812657,0.819277,0.829268,0.809524,0.815789,0.500000,31,7,8,34,8,hoptimus1;virchow;hibou_l;hoptimus0;lunit-vits8
5,0.902256,0.932708,0.837500,0.838972,0.839506,0.871795,0.809524,0.868421,0.500000,33,5,8,34,9,hoptimus1;virchow;hibou_l;hoptimus0;lunit-vits8
5,0.894737,0.925919,0.812500,0.812657,0.819277,0.829268,0.809524,0.815789,0.500000,31,7,8,34,10,hoptimus1;virchow;hibou_l;hoptimus0;lunit-vits8
5,0.914160,0.937760,0.812500,0.812657,0.819277,0.829268,0.809524,0.815789,0.500000,31,7,8,34,11,hoptimus1;virchow;hibou_l;hoptimus0;lunit-vits8
5,0.893484,0.929425,0.837500,0.838972,0.839506,0.871795,0.809524,0.868421,0.500000,33,5,8,34,12,hoptimus1;virchow;hibou_l;hoptimus0;lunit-vits8
5,0.901629,0.930055,0.812500,0.812657,0.819277,0.829268,0.809524,0.815789,0.500000,31,7,8,34,13,hoptimus1;virchow;hibou_l;hoptimus0;lunit-vits8
5,0.891604,0.924815,0.825000,0.825815,0.829268,0.850000,0.809524,0.842105,0.500000,32,6,8,34,14,hoptimus1;virchow;hibou_l;hoptimus0;lunit-vits8
5,0.920426,0.943748,0.825000,0.825815,0.829268,0.850000,0.809524,0.842105,0.500000,32,6,8,34,15,hoptimus1;virchow;hibou_l;hoptimus0;lunit-vits8
5,0.915414,0.937985,0.825000,0.825815,0.829268,0.850000,0.809524,0.842105,0.500000,32,6,8,34,16,hoptimus1;virchow;hibou_l;hoptimus0;lunit-vits8
5,0.885338,0.916256,0.800000,0.802005,0.800000,0.842105,0.761905,0.842105,0.500000,32,6,10,32,17,hoptimus1;virchow;hibou_l;hoptimus0;lunit-vits8
5,0.917293,0.941305,0.825000,0.825815,0.829268,0.850000,0.809524,0.842105,0.500000,32,6,8,34,18,hoptimus1;virchow;hibou_l;hoptimus0;lunit-vits8
5,0.908521,0.938297,0.825000,0.825815,0.829268,0.850000,0.809524,0.842105,0.500000,32,6,8,34,19,hoptimus1;virchow;hibou_l;hoptimus0;lunit-vits8
5,0.920426,0.942222,0.837500,0.837719,0.843373,0.853659,0.833333,0.842105,0.500000,32,6,7,35,20,hoptimus1;virchow;hibou_l;hoptimus0;lunit-vits8
6,0.917293,0.941249,0.850000,0.852130,0.850000,0.894737,0.809524,0.894737,0.500000,34,4,8,34,1,hoptimus1;virchow;hibou_l;hoptimus0;lunit-vits8;uni_v2
6,0.902256,0.930760,0.837500,0.838972,0.839506,0.871795,0.809524,0.868421,0.500000,33,5,8,34,2,hoptimus1;virchow;hibou_l;hoptimus0;lunit-vits8;uni_v2
6,0.904135,0.932943,0.825000,0.825815,0.829268,0.850000,0.809524,0.842105,0.500000,32,6,8,34,3,hoptimus1;virchow;hibou_l;hoptimus0;lunit-vits8;uni_v2
6,0.897243,0.930154,0.837500,0.838972,0.839506,0.871795,0.809524,0.868421,0.500000,33,5,8,34,4,hoptimus1;virchow;hibou_l;hoptimus0;lunit-vits8;uni_v2
6,0.905388,0.932367,0.825000,0.825815,0.829268,0.850000,0.809524,0.842105,0.500000,32,6,8,34,5,hoptimus1;virchow;hibou_l;hoptimus0;lunit-vits8;uni_v2
6,0.893484,0.928682,0.812500,0.812657,0.819277,0.829268,0.809524,0.815789,0.500000,31,7,8,34,6,hoptimus1;virchow;hibou_l;hoptimus0;lunit-vits8;uni_v2
6,0.911654,0.934324,0.837500,0.837719,0.843373,0.853659,0.833333,0.842105,0.500000,32,6,7,35,7,hoptimus1;virchow;hibou_l;hoptimus0;lunit-vits8;uni_v2
6,0.903509,0.932785,0.812500,0.812657,0.819277,0.829268,0.809524,0.815789,0.500000,31,7,8,34,8,hoptimus1;virchow;hibou_l;hoptimus0;lunit-vits8;uni_v2
6,0.902256,0.932708,0.837500,0.838972,0.839506,0.871795,0.809524,0.868421,0.500000,33,5,8,34,9,hoptimus1;virchow;hibou_l;hoptimus0;lunit-vits8;uni_v2
6,0.887218,0.923287,0.800000,0.800752,0.804878,0.825000,0.785714,0.815789,0.500000,31,7,9,33,10,hoptimus1;virchow;hibou_l;hoptimus0;lunit-vits8;uni_v2
6,0.902256,0.933175,0.812500,0.812657,0.819277,0.829268,0.809524,0.815789,0.500000,31,7,8,34,11,hoptimus1;virchow;hibou_l;hoptimus0;lunit-vits8;uni_v2
6,0.893484,0.929425,0.837500,0.838972,0.839506,0.871795,0.809524,0.868421,0.500000,33,5,8,34,12,hoptimus1;virchow;hibou_l;hoptimus0;lunit-vits8;uni_v2
6,0.901629,0.930055,0.812500,0.812657,0.819277,0.829268,0.809524,0.815789,0.500000,31,7,8,34,13,hoptimus1;virchow;hibou_l;hoptimus0;lunit-vits8;uni_v2
6,0.891604,0.924815,0.825000,0.825815,0.829268,0.850000,0.809524,0.842105,0.500000,32,6,8,34,14,hoptimus1;virchow;hibou_l;hoptimus0;lunit-vits8;uni_v2
6,0.920426,0.943748,0.825000,0.825815,0.829268,0.850000,0.809524,0.842105,0.500000,32,6,8,34,15,hoptimus1;virchow;hibou_l;hoptimus0;lunit-vits8;uni_v2
6,0.915414,0.937985,0.825000,0.825815,0.829268,0.850000,0.809524,0.842105,0.500000,32,6,8,34,16,hoptimus1;virchow;hibou_l;hoptimus0;lunit-vits8;uni_v2
6,0.885338,0.916256,0.800000,0.802005,0.800000,0.842105,0.761905,0.842105,0.500000,32,6,10,32,17,hoptimus1;virchow;hibou_l;hoptimus0;lunit-vits8;uni_v2
6,0.917293,0.941305,0.825000,0.825815,0.829268,0.850000,0.809524,0.842105,0.500000,32,6,8,34,18,hoptimus1;virchow;hibou_l;hoptimus0;lunit-vits8;uni_v2
6,0.908521,0.938297,0.825000,0.825815,0.829268,0.850000,0.809524,0.842105,0.500000,32,6,8,34,19,hoptimus1;virchow;hibou_l;hoptimus0;lunit-vits8;uni_v2
6,0.920426,0.942222,0.837500,0.837719,0.843373,0.853659,0.833333,0.842105,0.500000,32,6,7,35,20,hoptimus1;virchow;hibou_l;hoptimus0;lunit-vits8;uni_v2
7,0.917293,0.941249,0.850000,0.852130,0.850000,0.894737,0.809524,0.894737,0.500000,34,4,8,34,1,hoptimus1;virchow;hibou_l;hoptimus0;lunit-vits8;uni_v2;gigapath
7,0.901629,0.930357,0.837500,0.838972,0.839506,0.871795,0.809524,0.868421,0.500000,33,5,8,34,2,hoptimus1;virchow;hibou_l;hoptimus0;lunit-vits8;uni_v2;gigapath
7,0.903509,0.932339,0.825000,0.825815,0.829268,0.850000,0.809524,0.842105,0.500000,32,6,8,34,3,hoptimus1;virchow;hibou_l;hoptimus0;lunit-vits8;uni_v2;gigapath
7,0.897243,0.930154,0.837500,0.838972,0.839506,0.871795,0.809524,0.868421,0.500000,33,5,8,34,4,hoptimus1;virchow;hibou_l;hoptimus0;lunit-vits8;uni_v2;gigapath
7,0.905388,0.932367,0.825000,0.825815,0.829268,0.850000,0.809524,0.842105,0.500000,32,6,8,34,5,hoptimus1;virchow;hibou_l;hoptimus0;lunit-vits8;uni_v2;gigapath
7,0.890351,0.926838,0.812500,0.812657,0.819277,0.829268,0.809524,0.815789,0.500000,31,7,8,34,6,hoptimus1;virchow;hibou_l;hoptimus0;lunit-vits8;uni_v2;gigapath
7,0.910401,0.933080,0.837500,0.837719,0.843373,0.853659,0.833333,0.842105,0.500000,32,6,7,35,7,hoptimus1;virchow;hibou_l;hoptimus0;lunit-vits8;uni_v2;gigapath
7,0.902882,0.932040,0.812500,0.812657,0.819277,0.829268,0.809524,0.815789,0.500000,31,7,8,34,8,hoptimus1;virchow;hibou_l;hoptimus0;lunit-vits8;uni_v2;gigapath
7,0.902256,0.932708,0.837500,0.838972,0.839506,0.871795,0.809524,0.868421,0.500000,33,5,8,34,9,hoptimus1;virchow;hibou_l;hoptimus0;lunit-vits8;uni_v2;gigapath
7,0.886591,0.922979,0.800000,0.800752,0.804878,0.825000,0.785714,0.815789,0.500000,31,7,9,33,10,hoptimus1;virchow;hibou_l;hoptimus0;lunit-vits8;uni_v2;gigapath
7,0.902256,0.933505,0.812500,0.812657,0.819277,0.829268,0.809524,0.815789,0.500000,31,7,8,34,11,hoptimus1;virchow;hibou_l;hoptimus0;lunit-vits8;uni_v2;gigapath
7,0.893484,0.929425,0.837500,0.838972,0.839506,0.871795,0.809524,0.868421,0.500000,33,5,8,34,12,hoptimus1;virchow;hibou_l;hoptimus0;lunit-vits8;uni_v2;gigapath
7,0.902256,0.930305,0.812500,0.812657,0.819277,0.829268,0.809524,0.815789,0.500000,31,7,8,34,13,hoptimus1;virchow;hibou_l;hoptimus0;lunit-vits8;uni_v2;gigapath
7,0.892231,0.924681,0.825000,0.825815,0.829268,0.850000,0.809524,0.842105,0.500000,32,6,8,34,14,hoptimus1;virchow;hibou_l;hoptimus0;lunit-vits8;uni_v2;gigapath
7,0.921679,0.944329,0.837500,0.837719,0.843373,0.853659,0.833333,0.842105,0.500000,32,6,7,35,15,hoptimus1;virchow;hibou_l;hoptimus0;lunit-vits8;uni_v2;gigapath
7,0.914787,0.937683,0.825000,0.825815,0.829268,0.850000,0.809524,0.842105,0.500000,32,6,8,34,16,hoptimus1;virchow;hibou_l;hoptimus0;lunit-vits8;uni_v2;gigapath
7,0.884712,0.915916,0.800000,0.802005,0.800000,0.842105,0.761905,0.842105,0.500000,32,6,10,32,17,hoptimus1;virchow;hibou_l;hoptimus0;lunit-vits8;uni_v2;gigapath
7,0.914787,0.938930,0.825000,0.825815,0.829268,0.850000,0.809524,0.842105,0.500000,32,6,8,34,18,hoptimus1;virchow;hibou_l;hoptimus0;lunit-vits8;uni_v2;gigapath
7,0.908521,0.938297,0.825000,0.825815,0.829268,0.850000,0.809524,0.842105,0.500000,32,6,8,34,19,hoptimus1;virchow;hibou_l;hoptimus0;lunit-vits8;uni_v2;gigapath
7,0.920426,0.942222,0.837500,0.837719,0.843373,0.853659,0.833333,0.842105,0.500000,32,6,7,35,20,hoptimus1;virchow;hibou_l;hoptimus0;lunit-vits8;uni_v2;gigapath
8,0.914787,0.937496,0.850000,0.852130,0.850000,0.894737,0.809524,0.894737,0.500000,34,4,8,34,1,hoptimus1;virchow;hibou_l;hoptimus0;lunit-vits8;uni_v2;gigapath;kaiko-vitb16
8,0.902882,0.931441,0.837500,0.838972,0.839506,0.871795,0.809524,0.868421,0.500000,33,5,8,34,2,hoptimus1;virchow;hibou_l;hoptimus0;lunit-vits8;uni_v2;gigapath;kaiko-vitb16
8,0.902882,0.930256,0.825000,0.825815,0.829268,0.850000,0.809524,0.842105,0.500000,32,6,8,34,3,hoptimus1;virchow;hibou_l;hoptimus0;lunit-vits8;uni_v2;gigapath;kaiko-vitb16
8,0.900376,0.931406,0.837500,0.838972,0.839506,0.871795,0.809524,0.868421,0.500000,33,5,8,34,4,hoptimus1;virchow;hibou_l;hoptimus0;lunit-vits8;uni_v2;gigapath;kaiko-vitb16
8,0.907895,0.934031,0.825000,0.825815,0.829268,0.850000,0.809524,0.842105,0.500000,32,6,8,34,5,hoptimus1;virchow;hibou_l;hoptimus0;lunit-vits8;uni_v2;gigapath;kaiko-vitb16
8,0.887845,0.923585,0.812500,0.812657,0.819277,0.829268,0.809524,0.815789,0.500000,31,7,8,34,6,hoptimus1;virchow;hibou_l;hoptimus0;lunit-vits8;uni_v2;gigapath;kaiko-vitb16
8,0.908521,0.929875,0.837500,0.837719,0.843373,0.853659,0.833333,0.842105,0.500000,32,6,7,35,7,hoptimus1;virchow;hibou_l;hoptimus0;lunit-vits8;uni_v2;gigapath;kaiko-vitb16
8,0.901629,0.930131,0.812500,0.812657,0.819277,0.829268,0.809524,0.815789,0.500000,31,7,8,34,8,hoptimus1;virchow;hibou_l;hoptimus0;lunit-vits8;uni_v2;gigapath;kaiko-vitb16
8,0.897243,0.929148,0.837500,0.838972,0.839506,0.871795,0.809524,0.868421,0.500000,33,5,8,34,9,hoptimus1;virchow;hibou_l;hoptimus0;lunit-vits8;uni_v2;gigapath;kaiko-vitb16
8,0.886591,0.922313,0.800000,0.800752,0.804878,0.825000,0.785714,0.815789,0.500000,31,7,9,33,10,hoptimus1;virchow;hibou_l;hoptimus0;lunit-vits8;uni_v2;gigapath;kaiko-vitb16
8,0.902256,0.932938,0.800000,0.799499,0.809524,0.809524,0.809524,0.789474,0.500000,30,8,8,34,11,hoptimus1;virchow;hibou_l;hoptimus0;lunit-vits8;uni_v2;gigapath;kaiko-vitb16
8,0.896617,0.930445,0.825000,0.825815,0.829268,0.850000,0.809524,0.842105,0.500000,32,6,8,34,12,hoptimus1;virchow;hibou_l;hoptimus0;lunit-vits8;uni_v2;gigapath;kaiko-vitb16
8,0.898496,0.925957,0.812500,0.812657,0.819277,0.829268,0.809524,0.815789,0.500000,31,7,8,34,13,hoptimus1;virchow;hibou_l;hoptimus0;lunit-vits8;uni_v2;gigapath;kaiko-vitb16
8,0.890351,0.923608,0.825000,0.825815,0.829268,0.850000,0.809524,0.842105,0.500000,32,6,8,34,14,hoptimus1;virchow;hibou_l;hoptimus0;lunit-vits8;uni_v2;gigapath;kaiko-vitb16
8,0.916040,0.939192,0.825000,0.825815,0.829268,0.850000,0.809524,0.842105,0.500000,32,6,8,34,15,hoptimus1;virchow;hibou_l;hoptimus0;lunit-vits8;uni_v2;gigapath;kaiko-vitb16
8,0.912907,0.934821,0.812500,0.812657,0.819277,0.829268,0.809524,0.815789,0.500000,31,7,8,34,16,hoptimus1;virchow;hibou_l;hoptimus0;lunit-vits8;uni_v2;gigapath;kaiko-vitb16
8,0.884712,0.915216,0.787500,0.788847,0.790123,0.820513,0.761905,0.815789,0.500000,31,7,10,32,17,hoptimus1;virchow;hibou_l;hoptimus0;lunit-vits8;uni_v2;gigapath;kaiko-vitb16
8,0.915414,0.938103,0.825000,0.825815,0.829268,0.850000,0.809524,0.842105,0.500000,32,6,8,34,18,hoptimus1;virchow;hibou_l;hoptimus0;lunit-vits8;uni_v2;gigapath;kaiko-vitb16
8,0.908521,0.937443,0.812500,0.812657,0.819277,0.829268,0.809524,0.815789,0.500000,31,7,8,34,19,hoptimus1;virchow;hibou_l;hoptimus0;lunit-vits8;uni_v2;gigapath;kaiko-vitb16
8,0.919799,0.941752,0.837500,0.837719,0.843373,0.853659,0.833333,0.842105,0.500000,32,6,7,35,20,hoptimus1;virchow;hibou_l;hoptimus0;lunit-vits8;uni_v2;gigapath;kaiko-vitb16
9,0.914787,0.937496,0.850000,0.852130,0.850000,0.894737,0.809524,0.894737,0.500000,34,4,8,34,1,hoptimus1;virchow;hibou_l;hoptimus0;lunit-vits8;uni_v2;gigapath;kaiko-vitb16;uni_v1
9,0.902882,0.931441,0.837500,0.838972,0.839506,0.871795,0.809524,0.868421,0.500000,33,5,8,34,2,hoptimus1;virchow;hibou_l;hoptimus0;lunit-vits8;uni_v2;gigapath;kaiko-vitb16;uni_v1
9,0.902882,0.930256,0.825000,0.825815,0.829268,0.850000,0.809524,0.842105,0.500000,32,6,8,34,3,hoptimus1;virchow;hibou_l;hoptimus0;lunit-vits8;uni_v2;gigapath;kaiko-vitb16;uni_v1
9,0.900376,0.931406,0.837500,0.838972,0.839506,0.871795,0.809524,0.868421,0.500000,33,5,8,34,4,hoptimus1;virchow;hibou_l;hoptimus0;lunit-vits8;uni_v2;gigapath;kaiko-vitb16;uni_v1
9,0.907895,0.934031,0.825000,0.825815,0.829268,0.850000,0.809524,0.842105,0.500000,32,6,8,34,5,hoptimus1;virchow;hibou_l;hoptimus0;lunit-vits8;uni_v2;gigapath;kaiko-vitb16;uni_v1
9,0.887845,0.923585,0.812500,0.812657,0.819277,0.829268,0.809524,0.815789,0.500000,31,7,8,34,6,hoptimus1;virchow;hibou_l;hoptimus0;lunit-vits8;uni_v2;gigapath;kaiko-vitb16;uni_v1
9,0.908521,0.929875,0.837500,0.837719,0.843373,0.853659,0.833333,0.842105,0.500000,32,6,7,35,7,hoptimus1;virchow;hibou_l;hoptimus0;lunit-vits8;uni_v2;gigapath;kaiko-vitb16;uni_v1
9,0.901629,0.930131,0.812500,0.812657,0.819277,0.829268,0.809524,0.815789,0.500000,31,7,8,34,8,hoptimus1;virchow;hibou_l;hoptimus0;lunit-vits8;uni_v2;gigapath;kaiko-vitb16;uni_v1
9,0.897243,0.929148,0.837500,0.838972,0.839506,0.871795,0.809524,0.868421,0.500000,33,5,8,34,9,hoptimus1;virchow;hibou_l;hoptimus0;lunit-vits8;uni_v2;gigapath;kaiko-vitb16;uni_v1
9,0.886591,0.922313,0.800000,0.800752,0.804878,0.825000,0.785714,0.815789,0.500000,31,7,9,33,10,hoptimus1;virchow;hibou_l;hoptimus0;lunit-vits8;uni_v2;gigapath;kaiko-vitb16;uni_v1
9,0.902256,0.932938,0.800000,0.799499,0.809524,0.809524,0.809524,0.789474,0.500000,30,8,8,34,11,hoptimus1;virchow;hibou_l;hoptimus0;lunit-vits8;uni_v2;gigapath;kaiko-vitb16;uni_v1
9,0.896617,0.930445,0.825000,0.825815,0.829268,0.850000,0.809524,0.842105,0.500000,32,6,8,34,12,hoptimus1;virchow;hibou_l;hoptimus0;lunit-vits8;uni_v2;gigapath;kaiko-vitb16;uni_v1
9,0.898496,0.925957,0.812500,0.812657,0.819277,0.829268,0.809524,0.815789,0.500000,31,7,8,34,13,hoptimus1;virchow;hibou_l;hoptimus0;lunit-vits8;uni_v2;gigapath;kaiko-vitb16;uni_v1
9,0.890351,0.923608,0.825000,0.825815,0.829268,0.850000,0.809524,0.842105,0.500000,32,6,8,34,14,hoptimus1;virchow;hibou_l;hoptimus0;lunit-vits8;uni_v2;gigapath;kaiko-vitb16;uni_v1
9,0.914787,0.938487,0.825000,0.825815,0.829268,0.850000,0.809524,0.842105,0.500000,32,6,8,34,15,hoptimus1;virchow;hibou_l;hoptimus0;lunit-vits8;uni_v2;gigapath;kaiko-vitb16;uni_v1
9,0.912907,0.934821,0.812500,0.812657,0.819277,0.829268,0.809524,0.815789,0.500000,31,7,8,34,16,hoptimus1;virchow;hibou_l;hoptimus0;lunit-vits8;uni_v2;gigapath;kaiko-vitb16;uni_v1
9,0.882832,0.912739,0.787500,0.788847,0.790123,0.820513,0.761905,0.815789,0.500000,31,7,10,32,17,hoptimus1;virchow;hibou_l;hoptimus0;lunit-vits8;uni_v2;gigapath;kaiko-vitb16;uni_v1
9,0.915414,0.938103,0.825000,0.825815,0.829268,0.850000,0.809524,0.842105,0.500000,32,6,8,34,18,hoptimus1;virchow;hibou_l;hoptimus0;lunit-vits8;uni_v2;gigapath;kaiko-vitb16;uni_v1
9,0.908521,0.937443,0.812500,0.812657,0.819277,0.829268,0.809524,0.815789,0.500000,31,7,8,34,19,hoptimus1;virchow;hibou_l;hoptimus0;lunit-vits8;uni_v2;gigapath;kaiko-vitb16;uni_v1
9,0.919799,0.941752,0.837500,0.837719,0.843373,0.853659,0.833333,0.842105,0.500000,32,6,7,35,20,hoptimus1;virchow;hibou_l;hoptimus0;lunit-vits8;uni_v2;gigapath;kaiko-vitb16;uni_v1
10,0.914787,0.937496,0.850000,0.852130,0.850000,0.894737,0.809524,0.894737,0.500000,34,4,8,34,1,hoptimus1;virchow;hibou_l;hoptimus0;lunit-vits8;uni_v2;gigapath;kaiko-vitb16;uni_v1;virchow2
10,0.896617,0.929243,0.825000,0.825815,0.829268,0.850000,0.809524,0.842105,0.500000,32,6,8,34,2,hoptimus1;virchow;hibou_l;hoptimus0;lunit-vits8;uni_v2;gigapath;kaiko-vitb16;uni_v1;virchow2
10,0.899749,0.929116,0.825000,0.825815,0.829268,0.850000,0.809524,0.842105,0.500000,32,6,8,34,3,hoptimus1;virchow;hibou_l;hoptimus0;lunit-vits8;uni_v2;gigapath;kaiko-vitb16;uni_v1;virchow2
10,0.895990,0.928695,0.812500,0.812657,0.819277,0.829268,0.809524,0.815789,0.500000,31,7,8,34,4,hoptimus1;virchow;hibou_l;hoptimus0;lunit-vits8;uni_v2;gigapath;kaiko-vitb16;uni_v1;virchow2
10,0.904762,0.932718,0.825000,0.825815,0.829268,0.850000,0.809524,0.842105,0.500000,32,6,8,34,5,hoptimus1;virchow;hibou_l;hoptimus0;lunit-vits8;uni_v2;gigapath;kaiko-vitb16;uni_v1;virchow2
10,0.886591,0.921488,0.800000,0.799499,0.809524,0.809524,0.809524,0.789474,0.500000,30,8,8,34,6,hoptimus1;virchow;hibou_l;hoptimus0;lunit-vits8;uni_v2;gigapath;kaiko-vitb16;uni_v1;virchow2
10,0.906015,0.929400,0.837500,0.837719,0.843373,0.853659,0.833333,0.842105,0.500000,32,6,7,35,7,hoptimus1;virchow;hibou_l;hoptimus0;lunit-vits8;uni_v2;gigapath;kaiko-vitb16;uni_v1;virchow2
10,0.901003,0.930165,0.812500,0.812657,0.819277,0.829268,0.809524,0.815789,0.500000,31,7,8,34,8,hoptimus1;virchow;hibou_l;hoptimus0;lunit-vits8;uni_v2;gigapath;kaiko-vitb16;uni_v1;virchow2
10,0.893484,0.928416,0.825000,0.825815,0.829268,0.850000,0.809524,0.842105,0.500000,32,6,8,34,9,hoptimus1;virchow;hibou_l;hoptimus0;lunit-vits8;uni_v2;gigapath;kaiko-vitb16;uni_v1;virchow2
10,0.886591,0.922215,0.800000,0.800752,0.804878,0.825000,0.785714,0.815789,0.500000,31,7,9,33,10,hoptimus1;virchow;hibou_l;hoptimus0;lunit-vits8;uni_v2;gigapath;kaiko-vitb16;uni_v1;virchow2
10,0.902256,0.932938,0.800000,0.799499,0.809524,0.809524,0.809524,0.789474,0.500000,30,8,8,34,11,hoptimus1;virchow;hibou_l;hoptimus0;lunit-vits8;uni_v2;gigapath;kaiko-vitb16;uni_v1;virchow2
10,0.892231,0.927851,0.812500,0.812657,0.819277,0.829268,0.809524,0.815789,0.500000,31,7,8,34,12,hoptimus1;virchow;hibou_l;hoptimus0;lunit-vits8;uni_v2;gigapath;kaiko-vitb16;uni_v1;virchow2
10,0.898496,0.925957,0.812500,0.812657,0.819277,0.829268,0.809524,0.815789,0.500000,31,7,8,34,13,hoptimus1;virchow;hibou_l;hoptimus0;lunit-vits8;uni_v2;gigapath;kaiko-vitb16;uni_v1;virchow2
10,0.890351,0.923564,0.825000,0.825815,0.829268,0.850000,0.809524,0.842105,0.500000,32,6,8,34,14,hoptimus1;virchow;hibou_l;hoptimus0;lunit-vits8;uni_v2;gigapath;kaiko-vitb16;uni_v1;virchow2
10,0.914787,0.938487,0.825000,0.825815,0.829268,0.850000,0.809524,0.842105,0.500000,32,6,8,34,15,hoptimus1;virchow;hibou_l;hoptimus0;lunit-vits8;uni_v2;gigapath;kaiko-vitb16;uni_v1;virchow2
10,0.912907,0.934821,0.812500,0.812657,0.819277,0.829268,0.809524,0.815789,0.500000,31,7,8,34,16,hoptimus1;virchow;hibou_l;hoptimus0;lunit-vits8;uni_v2;gigapath;kaiko-vitb16;uni_v1;virchow2
10,0.882206,0.913296,0.787500,0.788847,0.790123,0.820513,0.761905,0.815789,0.500000,31,7,10,32,17,hoptimus1;virchow;hibou_l;hoptimus0;lunit-vits8;uni_v2;gigapath;kaiko-vitb16;uni_v1;virchow2
10,0.912907,0.937118,0.825000,0.825815,0.829268,0.850000,0.809524,0.842105,0.500000,32,6,8,34,18,hoptimus1;virchow;hibou_l;hoptimus0;lunit-vits8;uni_v2;gigapath;kaiko-vitb16;uni_v1;virchow2
10,0.908521,0.937443,0.812500,0.812657,0.819277,0.829268,0.809524,0.815789,0.500000,31,7,8,34,19,hoptimus1;virchow;hibou_l;hoptimus0;lunit-vits8;uni_v2;gigapath;kaiko-vitb16;uni_v1;virchow2
10,0.916040,0.940031,0.837500,0.837719,0.843373,0.853659,0.833333,0.842105,0.500000,32,6,7,35,20,hoptimus1;virchow;hibou_l;hoptimus0;lunit-vits8;uni_v2;gigapath;kaiko-vitb16;uni_v1;virchow2
11,0.911028,0.935588,0.850000,0.852130,0.850000,0.894737,0.809524,0.894737,0.500000,34,4,8,34,1,hoptimus1;virchow;hibou_l;hoptimus0;lunit-vits8;uni_v2;gigapath;kaiko-vitb16;uni_v1;virchow2;kaiko-vitl14
11,0.895363,0.928468,0.825000,0.825815,0.829268,0.850000,0.809524,0.842105,0.500000,32,6,8,34,2,hoptimus1;virchow;hibou_l;hoptimus0;lunit-vits8;uni_v2;gigapath;kaiko-vitb16;uni_v1;virchow2;kaiko-vitl14
11,0.897243,0.928257,0.825000,0.825815,0.829268,0.850000,0.809524,0.842105,0.500000,32,6,8,34,3,hoptimus1;virchow;hibou_l;hoptimus0;lunit-vits8;uni_v2;gigapath;kaiko-vitb16;uni_v1;virchow2;kaiko-vitl14
11,0.896617,0.929736,0.812500,0.812657,0.819277,0.829268,0.809524,0.815789,0.500000,31,7,8,34,4,hoptimus1;virchow;hibou_l;hoptimus0;lunit-vits8;uni_v2;gigapath;kaiko-vitb16;uni_v1;virchow2;kaiko-vitl14
11,0.902256,0.931406,0.812500,0.813910,0.814815,0.846154,0.785714,0.842105,0.500000,32,6,9,33,5,hoptimus1;virchow;hibou_l;hoptimus0;lunit-vits8;uni_v2;gigapath;kaiko-vitb16;uni_v1;virchow2;kaiko-vitl14
11,0.887218,0.922465,0.800000,0.799499,0.809524,0.809524,0.809524,0.789474,0.500000,30,8,8,34,6,hoptimus1;virchow;hibou_l;hoptimus0;lunit-vits8;uni_v2;gigapath;kaiko-vitb16;uni_v1;virchow2;kaiko-vitl14
11,0.905388,0.928669,0.837500,0.837719,0.843373,0.853659,0.833333,0.842105,0.500000,32,6,7,35,7,hoptimus1;virchow;hibou_l;hoptimus0;lunit-vits8;uni_v2;gigapath;kaiko-vitb16;uni_v1;virchow2;kaiko-vitl14
11,0.899749,0.930016,0.812500,0.812657,0.819277,0.829268,0.809524,0.815789,0.500000,31,7,8,34,8,hoptimus1;virchow;hibou_l;hoptimus0;lunit-vits8;uni_v2;gigapath;kaiko-vitb16;uni_v1;virchow2;kaiko-vitl14
11,0.893484,0.928416,0.825000,0.825815,0.829268,0.850000,0.809524,0.842105,0.500000,32,6,8,34,9,hoptimus1;virchow;hibou_l;hoptimus0;lunit-vits8;uni_v2;gigapath;kaiko-vitb16;uni_v1;virchow2;kaiko-vitl14
11,0.883459,0.920010,0.775000,0.774436,0.785714,0.785714,0.785714,0.763158,0.500000,29,9,9,33,10,hoptimus1;virchow;hibou_l;hoptimus0;lunit-vits8;uni_v2;gigapath;kaiko-vitb16;uni_v1;virchow2;kaiko-vitl14
11,0.902882,0.934024,0.787500,0.786341,0.800000,0.790698,0.809524,0.763158,0.500000,29,9,8,34,11,hoptimus1;virchow;hibou_l;hoptimus0;lunit-vits8;uni_v2;gigapath;kaiko-vitb16;uni_v1;virchow2;kaiko-vitl14
11,0.892231,0.927851,0.812500,0.812657,0.819277,0.829268,0.809524,0.815789,0.500000,31,7,8,34,12,hoptimus1;virchow;hibou_l;hoptimus0;lunit-vits8;uni_v2;gigapath;kaiko-vitb16;uni_v1;virchow2;kaiko-vitl14
11,0.897870,0.924770,0.800000,0.799499,0.809524,0.809524,0.809524,0.789474,0.500000,30,8,8,34,13,hoptimus1;virchow;hibou_l;hoptimus0;lunit-vits8;uni_v2;gigapath;kaiko-vitb16;uni_v1;virchow2;kaiko-vitl14
11,0.889724,0.922592,0.825000,0.825815,0.829268,0.850000,0.809524,0.842105,0.500000,32,6,8,34,14,hoptimus1;virchow;hibou_l;hoptimus0;lunit-vits8;uni_v2;gigapath;kaiko-vitb16;uni_v1;virchow2;kaiko-vitl14
11,0.912281,0.936152,0.800000,0.799499,0.809524,0.809524,0.809524,0.789474,0.500000,30,8,8,34,15,hoptimus1;virchow;hibou_l;hoptimus0;lunit-vits8;uni_v2;gigapath;kaiko-vitb16;uni_v1;virchow2;kaiko-vitl14
11,0.911654,0.934350,0.812500,0.812657,0.819277,0.829268,0.809524,0.815789,0.500000,31,7,8,34,16,hoptimus1;virchow;hibou_l;hoptimus0;lunit-vits8;uni_v2;gigapath;kaiko-vitb16;uni_v1;virchow2;kaiko-vitl14
11,0.882832,0.914281,0.787500,0.788847,0.790123,0.820513,0.761905,0.815789,0.500000,31,7,10,32,17,hoptimus1;virchow;hibou_l;hoptimus0;lunit-vits8;uni_v2;gigapath;kaiko-vitb16;uni_v1;virchow2;kaiko-vitl14
11,0.911654,0.936138,0.825000,0.825815,0.829268,0.850000,0.809524,0.842105,0.500000,32,6,8,34,18,hoptimus1;virchow;hibou_l;hoptimus0;lunit-vits8;uni_v2;gigapath;kaiko-vitb16;uni_v1;virchow2;kaiko-vitl14
11,0.907895,0.936756,0.812500,0.812657,0.819277,0.829268,0.809524,0.815789,0.500000,31,7,8,34,19,hoptimus1;virchow;hibou_l;hoptimus0;lunit-vits8;uni_v2;gigapath;kaiko-vitb16;uni_v1;virchow2;kaiko-vitl14
11,0.916040,0.940027,0.825000,0.824561,0.833333,0.833333,0.833333,0.815789,0.500000,31,7,7,35,20,hoptimus1;virchow;hibou_l;hoptimus0;lunit-vits8;uni_v2;gigapath;kaiko-vitb16;uni_v1;virchow2;kaiko-vitl14
12,0.910401,0.935778,0.837500,0.838972,0.839506,0.871795,0.809524,0.868421,0.500000,33,5,8,34,1,hoptimus1;virchow;hibou_l;hoptimus0;lunit-vits8;uni_v2;gigapath;kaiko-vitb16;uni_v1;virchow2;kaiko-vitl14;musk
12,0.897870,0.929908,0.825000,0.825815,0.829268,0.850000,0.809524,0.842105,0.500000,32,6,8,34,2,hoptimus1;virchow;hibou_l;hoptimus0;lunit-vits8;uni_v2;gigapath;kaiko-vitb16;uni_v1;virchow2;kaiko-vitl14;musk
12,0.900376,0.930230,0.825000,0.825815,0.829268,0.850000,0.809524,0.842105,0.500000,32,6,8,34,3,hoptimus1;virchow;hibou_l;hoptimus0;lunit-vits8;uni_v2;gigapath;kaiko-vitb16;uni_v1;virchow2;kaiko-vitl14;musk
12,0.892231,0.926343,0.812500,0.812657,0.819277,0.829268,0.809524,0.815789,0.500000,31,7,8,34,4,hoptimus1;virchow;hibou_l;hoptimus0;lunit-vits8;uni_v2;gigapath;kaiko-vitb16;uni_v1;virchow2;kaiko-vitl14;musk
12,0.893484,0.926353,0.812500,0.813910,0.814815,0.846154,0.785714,0.842105,0.500000,32,6,9,33,5,hoptimus1;virchow;hibou_l;hoptimus0;lunit-vits8;uni_v2;gigapath;kaiko-vitb16;uni_v1;virchow2;kaiko-vitl14;musk
12,0.884712,0.920466,0.812500,0.812657,0.819277,0.829268,0.809524,0.815789,0.500000,31,7,8,34,6,hoptimus1;virchow;hibou_l;hoptimus0;lunit-vits8;uni_v2;gigapath;kaiko-vitb16;uni_v1;virchow2;kaiko-vitl14;musk
12,0.901629,0.926932,0.837500,0.837719,0.843373,0.853659,0.833333,0.842105,0.500000,32,6,7,35,7,hoptimus1;virchow;hibou_l;hoptimus0;lunit-vits8;uni_v2;gigapath;kaiko-vitb16;uni_v1;virchow2;kaiko-vitl14;musk
12,0.901003,0.930733,0.812500,0.812657,0.819277,0.829268,0.809524,0.815789,0.500000,31,7,8,34,8,hoptimus1;virchow;hibou_l;hoptimus0;lunit-vits8;uni_v2;gigapath;kaiko-vitb16;uni_v1;virchow2;kaiko-vitl14;musk
12,0.894110,0.929063,0.825000,0.825815,0.829268,0.850000,0.809524,0.842105,0.500000,32,6,8,34,9,hoptimus1;virchow;hibou_l;hoptimus0;lunit-vits8;uni_v2;gigapath;kaiko-vitb16;uni_v1;virchow2;kaiko-vitl14;musk
12,0.881579,0.919461,0.787500,0.787594,0.795181,0.804878,0.785714,0.789474,0.500000,30,8,9,33,10,hoptimus1;virchow;hibou_l;hoptimus0;lunit-vits8;uni_v2;gigapath;kaiko-vitb16;uni_v1;virchow2;kaiko-vitl14;musk
12,0.892857,0.927042,0.787500,0.786341,0.800000,0.790698,0.809524,0.763158,0.500000,29,9,8,34,11,hoptimus1;virchow;hibou_l;hoptimus0;lunit-vits8;uni_v2;gigapath;kaiko-vitb16;uni_v1;virchow2;kaiko-vitl14;musk
12,0.892857,0.927453,0.812500,0.812657,0.819277,0.829268,0.809524,0.815789,0.500000,31,7,8,34,12,hoptimus1;virchow;hibou_l;hoptimus0;lunit-vits8;uni_v2;gigapath;kaiko-vitb16;uni_v1;virchow2;kaiko-vitl14;musk
12,0.897243,0.923999,0.812500,0.812657,0.819277,0.829268,0.809524,0.815789,0.500000,31,7,8,34,13,hoptimus1;virchow;hibou_l;hoptimus0;lunit-vits8;uni_v2;gigapath;kaiko-vitb16;uni_v1;virchow2;kaiko-vitl14;musk
12,0.887845,0.921313,0.825000,0.825815,0.829268,0.850000,0.809524,0.842105,0.500000,32,6,8,34,14,hoptimus1;virchow;hibou_l;hoptimus0;lunit-vits8;uni_v2;gigapath;kaiko-vitb16;uni_v1;virchow2;kaiko-vitl14;musk
12,0.910401,0.935371,0.812500,0.812657,0.819277,0.829268,0.809524,0.815789,0.500000,31,7,8,34,15,hoptimus1;virchow;hibou_l;hoptimus0;lunit-vits8;uni_v2;gigapath;kaiko-vitb16;uni_v1;virchow2;kaiko-vitl14;musk
12,0.909774,0.933404,0.812500,0.812657,0.819277,0.829268,0.809524,0.815789,0.500000,31,7,8,34,16,hoptimus1;virchow;hibou_l;hoptimus0;lunit-vits8;uni_v2;gigapath;kaiko-vitb16;uni_v1;virchow2;kaiko-vitl14;musk
12,0.879699,0.912032,0.775000,0.775689,0.780488,0.800000,0.761905,0.789474,0.500000,30,8,10,32,17,hoptimus1;virchow;hibou_l;hoptimus0;lunit-vits8;uni_v2;gigapath;kaiko-vitb16;uni_v1;virchow2;kaiko-vitl14;musk
12,0.909148,0.935574,0.825000,0.825815,0.829268,0.850000,0.809524,0.842105,0.500000,32,6,8,34,18,hoptimus1;virchow;hibou_l;hoptimus0;lunit-vits8;uni_v2;gigapath;kaiko-vitb16;uni_v1;virchow2;kaiko-vitl14;musk
12,0.906015,0.935125,0.812500,0.812657,0.819277,0.829268,0.809524,0.815789,0.500000,31,7,8,34,19,hoptimus1;virchow;hibou_l;hoptimus0;lunit-vits8;uni_v2;gigapath;kaiko-vitb16;uni_v1;virchow2;kaiko-vitl14;musk
12,0.914787,0.939431,0.825000,0.824561,0.833333,0.833333,0.833333,0.815789,0.500000,31,7,7,35,20,hoptimus1;virchow;hibou_l;hoptimus0;lunit-vits8;uni_v2;gigapath;kaiko-vitb16;uni_v1;virchow2;kaiko-vitl14;musk
13,0.908521,0.933587,0.837500,0.838972,0.839506,0.871795,0.809524,0.868421,0.500000,33,5,8,34,1,hoptimus1;virchow;hibou_l;hoptimus0;lunit-vits8;uni_v2;gigapath;kaiko-vitb16;uni_v1;virchow2;kaiko-vitl14;musk;conch_v1
13,0.899749,0.930644,0.825000,0.825815,0.829268,0.850000,0.809524,0.842105,0.500000,32,6,8,34,2,hoptimus1;virchow;hibou_l;hoptimus0;lunit-vits8;uni_v2;gigapath;kaiko-vitb16;uni_v1;virchow2;kaiko-vitl14;musk;conch_v1
13,0.899123,0.929752,0.812500,0.812657,0.819277,0.829268,0.809524,0.815789,0.500000,31,7,8,34,3,hoptimus1;virchow;hibou_l;hoptimus0;lunit-vits8;uni_v2;gigapath;kaiko-vitb16;uni_v1;virchow2;kaiko-vitl14;musk;conch_v1
13,0.891604,0.926354,0.812500,0.812657,0.819277,0.829268,0.809524,0.815789,0.500000,31,7,8,34,4,hoptimus1;virchow;hibou_l;hoptimus0;lunit-vits8;uni_v2;gigapath;kaiko-vitb16;uni_v1;virchow2;kaiko-vitl14;musk;conch_v1
13,0.894737,0.926834,0.812500,0.813910,0.814815,0.846154,0.785714,0.842105,0.500000,32,6,9,33,5,hoptimus1;virchow;hibou_l;hoptimus0;lunit-vits8;uni_v2;gigapath;kaiko-vitb16;uni_v1;virchow2;kaiko-vitl14;musk;conch_v1
13,0.885338,0.921011,0.812500,0.812657,0.819277,0.829268,0.809524,0.815789,0.500000,31,7,8,34,6,hoptimus1;virchow;hibou_l;hoptimus0;lunit-vits8;uni_v2;gigapath;kaiko-vitb16;uni_v1;virchow2;kaiko-vitl14;musk;conch_v1
13,0.900376,0.926311,0.837500,0.837719,0.843373,0.853659,0.833333,0.842105,0.500000,32,6,7,35,7,hoptimus1;virchow;hibou_l;hoptimus0;lunit-vits8;uni_v2;gigapath;kaiko-vitb16;uni_v1;virchow2;kaiko-vitl14;musk;conch_v1
13,0.899749,0.929844,0.812500,0.812657,0.819277,0.829268,0.809524,0.815789,0.500000,31,7,8,34,8,hoptimus1;virchow;hibou_l;hoptimus0;lunit-vits8;uni_v2;gigapath;kaiko-vitb16;uni_v1;virchow2;kaiko-vitl14;musk;conch_v1
13,0.894110,0.929063,0.825000,0.825815,0.829268,0.850000,0.809524,0.842105,0.500000,32,6,8,34,9,hoptimus1;virchow;hibou_l;hoptimus0;lunit-vits8;uni_v2;gigapath;kaiko-vitb16;uni_v1;virchow2;kaiko-vitl14;musk;conch_v1
13,0.880952,0.919059,0.775000,0.774436,0.785714,0.785714,0.785714,0.763158,0.500000,29,9,9,33,10,hoptimus1;virchow;hibou_l;hoptimus0;lunit-vits8;uni_v2;gigapath;kaiko-vitb16;uni_v1;virchow2;kaiko-vitl14;musk;conch_v1
13,0.891604,0.926026,0.787500,0.786341,0.800000,0.790698,0.809524,0.763158,0.500000,29,9,8,34,11,hoptimus1;virchow;hibou_l;hoptimus0;lunit-vits8;uni_v2;gigapath;kaiko-vitb16;uni_v1;virchow2;kaiko-vitl14;musk;conch_v1
13,0.890351,0.926775,0.812500,0.812657,0.819277,0.829268,0.809524,0.815789,0.500000,31,7,8,34,12,hoptimus1;virchow;hibou_l;hoptimus0;lunit-vits8;uni_v2;gigapath;kaiko-vitb16;uni_v1;virchow2;kaiko-vitl14;musk;conch_v1
13,0.897243,0.923866,0.800000,0.799499,0.809524,0.809524,0.809524,0.789474,0.500000,30,8,8,34,13,hoptimus1;virchow;hibou_l;hoptimus0;lunit-vits8;uni_v2;gigapath;kaiko-vitb16;uni_v1;virchow2;kaiko-vitl14;musk;conch_v1
13,0.889724,0.923047,0.825000,0.825815,0.829268,0.850000,0.809524,0.842105,0.500000,32,6,8,34,14,hoptimus1;virchow;hibou_l;hoptimus0;lunit-vits8;uni_v2;gigapath;kaiko-vitb16;uni_v1;virchow2;kaiko-vitl14;musk;conch_v1
13,0.910401,0.935341,0.812500,0.812657,0.819277,0.829268,0.809524,0.815789,0.500000,31,7,8,34,15,hoptimus1;virchow;hibou_l;hoptimus0;lunit-vits8;uni_v2;gigapath;kaiko-vitb16;uni_v1;virchow2;kaiko-vitl14;musk;conch_v1
13,0.907268,0.931449,0.812500,0.812657,0.819277,0.829268,0.809524,0.815789,0.500000,31,7,8,34,16,hoptimus1;virchow;hibou_l;hoptimus0;lunit-vits8;uni_v2;gigapath;kaiko-vitb16;uni_v1;virchow2;kaiko-vitl14;musk;conch_v1
13,0.882832,0.914477,0.787500,0.787594,0.795181,0.804878,0.785714,0.789474,0.500000,30,8,9,33,17,hoptimus1;virchow;hibou_l;hoptimus0;lunit-vits8;uni_v2;gigapath;kaiko-vitb16;uni_v1;virchow2;kaiko-vitl14;musk;conch_v1
13,0.908521,0.935098,0.825000,0.825815,0.829268,0.850000,0.809524,0.842105,0.500000,32,6,8,34,18,hoptimus1;virchow;hibou_l;hoptimus0;lunit-vits8;uni_v2;gigapath;kaiko-vitb16;uni_v1;virchow2;kaiko-vitl14;musk;conch_v1
13,0.904762,0.934471,0.800000,0.799499,0.809524,0.809524,0.809524,0.789474,0.500000,30,8,8,34,19,hoptimus1;virchow;hibou_l;hoptimus0;lunit-vits8;uni_v2;gigapath;kaiko-vitb16;uni_v1;virchow2;kaiko-vitl14;musk;conch_v1
13,0.913534,0.938653,0.825000,0.824561,0.833333,0.833333,0.833333,0.815789,0.500000,31,7,7,35,20,hoptimus1;virchow;hibou_l;hoptimus0;lunit-vits8;uni_v2;gigapath;kaiko-vitb16;uni_v1;virchow2;kaiko-vitl14;musk;conch_v1
14,0.908521,0.933587,0.837500,0.838972,0.839506,0.871795,0.809524,0.868421,0.500000,33,5,8,34,1,hoptimus1;virchow;hibou_l;hoptimus0;lunit-vits8;uni_v2;gigapath;kaiko-vitb16;uni_v1;virchow2;kaiko-vitl14;musk;conch_v1;phikon
14,0.899749,0.930644,0.825000,0.825815,0.829268,0.850000,0.809524,0.842105,0.500000,32,6,8,34,2,hoptimus1;virchow;hibou_l;hoptimus0;lunit-vits8;uni_v2;gigapath;kaiko-vitb16;uni_v1;virchow2;kaiko-vitl14;musk;conch_v1;phikon
14,0.899123,0.929752,0.812500,0.812657,0.819277,0.829268,0.809524,0.815789,0.500000,31,7,8,34,3,hoptimus1;virchow;hibou_l;hoptimus0;lunit-vits8;uni_v2;gigapath;kaiko-vitb16;uni_v1;virchow2;kaiko-vitl14;musk;conch_v1;phikon
14,0.891604,0.926354,0.812500,0.812657,0.819277,0.829268,0.809524,0.815789,0.500000,31,7,8,34,4,hoptimus1;virchow;hibou_l;hoptimus0;lunit-vits8;uni_v2;gigapath;kaiko-vitb16;uni_v1;virchow2;kaiko-vitl14;musk;conch_v1;phikon
14,0.894737,0.926834,0.812500,0.813910,0.814815,0.846154,0.785714,0.842105,0.500000,32,6,9,33,5,hoptimus1;virchow;hibou_l;hoptimus0;lunit-vits8;uni_v2;gigapath;kaiko-vitb16;uni_v1;virchow2;kaiko-vitl14;musk;conch_v1;phikon
14,0.885338,0.921011,0.812500,0.812657,0.819277,0.829268,0.809524,0.815789,0.500000,31,7,8,34,6,hoptimus1;virchow;hibou_l;hoptimus0;lunit-vits8;uni_v2;gigapath;kaiko-vitb16;uni_v1;virchow2;kaiko-vitl14;musk;conch_v1;phikon
14,0.900376,0.926311,0.837500,0.837719,0.843373,0.853659,0.833333,0.842105,0.500000,32,6,7,35,7,hoptimus1;virchow;hibou_l;hoptimus0;lunit-vits8;uni_v2;gigapath;kaiko-vitb16;uni_v1;virchow2;kaiko-vitl14;musk;conch_v1;phikon
14,0.899749,0.929844,0.812500,0.812657,0.819277,0.829268,0.809524,0.815789,0.500000,31,7,8,34,8,hoptimus1;virchow;hibou_l;hoptimus0;lunit-vits8;uni_v2;gigapath;kaiko-vitb16;uni_v1;virchow2;kaiko-vitl14;musk;conch_v1;phikon
14,0.894110,0.929063,0.825000,0.825815,0.829268,0.850000,0.809524,0.842105,0.500000,32,6,8,34,9,hoptimus1;virchow;hibou_l;hoptimus0;lunit-vits8;uni_v2;gigapath;kaiko-vitb16;uni_v1;virchow2;kaiko-vitl14;musk;conch_v1;phikon
14,0.880952,0.919059,0.775000,0.774436,0.785714,0.785714,0.785714,0.763158,0.500000,29,9,9,33,10,hoptimus1;virchow;hibou_l;hoptimus0;lunit-vits8;uni_v2;gigapath;kaiko-vitb16;uni_v1;virchow2;kaiko-vitl14;musk;conch_v1;phikon
14,0.891604,0.926026,0.787500,0.786341,0.800000,0.790698,0.809524,0.763158,0.500000,29,9,8,34,11,hoptimus1;virchow;hibou_l;hoptimus0;lunit-vits8;uni_v2;gigapath;kaiko-vitb16;uni_v1;virchow2;kaiko-vitl14;musk;conch_v1;phikon
14,0.890351,0.926775,0.812500,0.812657,0.819277,0.829268,0.809524,0.815789,0.500000,31,7,8,34,12,hoptimus1;virchow;hibou_l;hoptimus0;lunit-vits8;uni_v2;gigapath;kaiko-vitb16;uni_v1;virchow2;kaiko-vitl14;musk;conch_v1;phikon
14,0.897243,0.923866,0.800000,0.799499,0.809524,0.809524,0.809524,0.789474,0.500000,30,8,8,34,13,hoptimus1;virchow;hibou_l;hoptimus0;lunit-vits8;uni_v2;gigapath;kaiko-vitb16;uni_v1;virchow2;kaiko-vitl14;musk;conch_v1;phikon
14,0.889724,0.923047,0.825000,0.825815,0.829268,0.850000,0.809524,0.842105,0.500000,32,6,8,34,14,hoptimus1;virchow;hibou_l;hoptimus0;lunit-vits8;uni_v2;gigapath;kaiko-vitb16;uni_v1;virchow2;kaiko-vitl14;musk;conch_v1;phikon
14,0.910401,0.935341,0.812500,0.812657,0.819277,0.829268,0.809524,0.815789,0.500000,31,7,8,34,15,hoptimus1;virchow;hibou_l;hoptimus0;lunit-vits8;uni_v2;gigapath;kaiko-vitb16;uni_v1;virchow2;kaiko-vitl14;musk;conch_v1;phikon
14,0.907268,0.931449,0.812500,0.812657,0.819277,0.829268,0.809524,0.815789,0.500000,31,7,8,34,16,hoptimus1;virchow;hibou_l;hoptimus0;lunit-vits8;uni_v2;gigapath;kaiko-vitb16;uni_v1;virchow2;kaiko-vitl14;musk;conch_v1;phikon
14,0.882832,0.914477,0.787500,0.787594,0.795181,0.804878,0.785714,0.789474,0.500000,30,8,9,33,17,hoptimus1;virchow;hibou_l;hoptimus0;lunit-vits8;uni_v2;gigapath;kaiko-vitb16;uni_v1;virchow2;kaiko-vitl14;musk;conch_v1;phikon
14,0.908521,0.935098,0.825000,0.825815,0.829268,0.850000,0.809524,0.842105,0.500000,32,6,8,34,18,hoptimus1;virchow;hibou_l;hoptimus0;lunit-vits8;uni_v2;gigapath;kaiko-vitb16;uni_v1;virchow2;kaiko-vitl14;musk;conch_v1;phikon
14,0.904762,0.934471,0.800000,0.799499,0.809524,0.809524,0.809524,0.789474,0.500000,30,8,8,34,19,hoptimus1;virchow;hibou_l;hoptimus0;lunit-vits8;uni_v2;gigapath;kaiko-vitb16;uni_v1;virchow2;kaiko-vitl14;musk;conch_v1;phikon
14,0.913534,0.938653,0.825000,0.824561,0.833333,0.833333,0.833333,0.815789,0.500000,31,7,7,35,20,hoptimus1;virchow;hibou_l;hoptimus0;lunit-vits8;uni_v2;gigapath;kaiko-vitb16;uni_v1;virchow2;kaiko-vitl14;musk;conch_v1;phikon
15,0.902256,0.927051,0.850000,0.850877,0.853659,0.875000,0.833333,0.868421,0.500000,33,5,7,35,1,hoptimus1;virchow;hibou_l;hoptimus0;lunit-vits8;uni_v2;gigapath;kaiko-vitb16;uni_v1;virchow2;kaiko-vitl14;musk;conch_v1;phikon;phikon_v2
15,0.899749,0.930644,0.825000,0.825815,0.829268,0.850000,0.809524,0.842105,0.500000,32,6,8,34,2,hoptimus1;virchow;hibou_l;hoptimus0;lunit-vits8;uni_v2;gigapath;kaiko-vitb16;uni_v1;virchow2;kaiko-vitl14;musk;conch_v1;phikon;phikon_v2
15,0.899123,0.929752,0.812500,0.812657,0.819277,0.829268,0.809524,0.815789,0.500000,31,7,8,34,3,hoptimus1;virchow;hibou_l;hoptimus0;lunit-vits8;uni_v2;gigapath;kaiko-vitb16;uni_v1;virchow2;kaiko-vitl14;musk;conch_v1;phikon;phikon_v2
15,0.891604,0.926354,0.812500,0.812657,0.819277,0.829268,0.809524,0.815789,0.500000,31,7,8,34,4,hoptimus1;virchow;hibou_l;hoptimus0;lunit-vits8;uni_v2;gigapath;kaiko-vitb16;uni_v1;virchow2;kaiko-vitl14;musk;conch_v1;phikon;phikon_v2
15,0.894737,0.926834,0.812500,0.813910,0.814815,0.846154,0.785714,0.842105,0.500000,32,6,9,33,5,hoptimus1;virchow;hibou_l;hoptimus0;lunit-vits8;uni_v2;gigapath;kaiko-vitb16;uni_v1;virchow2;kaiko-vitl14;musk;conch_v1;phikon;phikon_v2
15,0.885338,0.921011,0.812500,0.812657,0.819277,0.829268,0.809524,0.815789,0.500000,31,7,8,34,6,hoptimus1;virchow;hibou_l;hoptimus0;lunit-vits8;uni_v2;gigapath;kaiko-vitb16;uni_v1;virchow2;kaiko-vitl14;musk;conch_v1;phikon;phikon_v2
15,0.900376,0.926311,0.837500,0.837719,0.843373,0.853659,0.833333,0.842105,0.500000,32,6,7,35,7,hoptimus1;virchow;hibou_l;hoptimus0;lunit-vits8;uni_v2;gigapath;kaiko-vitb16;uni_v1;virchow2;kaiko-vitl14;musk;conch_v1;phikon;phikon_v2
15,0.894110,0.926166,0.812500,0.812657,0.819277,0.829268,0.809524,0.815789,0.500000,31,7,8,34,8,hoptimus1;virchow;hibou_l;hoptimus0;lunit-vits8;uni_v2;gigapath;kaiko-vitb16;uni_v1;virchow2;kaiko-vitl14;musk;conch_v1;phikon;phikon_v2
15,0.894110,0.929063,0.825000,0.825815,0.829268,0.850000,0.809524,0.842105,0.500000,32,6,8,34,9,hoptimus1;virchow;hibou_l;hoptimus0;lunit-vits8;uni_v2;gigapath;kaiko-vitb16;uni_v1;virchow2;kaiko-vitl14;musk;conch_v1;phikon;phikon_v2
15,0.880952,0.919059,0.775000,0.774436,0.785714,0.785714,0.785714,0.763158,0.500000,29,9,9,33,10,hoptimus1;virchow;hibou_l;hoptimus0;lunit-vits8;uni_v2;gigapath;kaiko-vitb16;uni_v1;virchow2;kaiko-vitl14;musk;conch_v1;phikon;phikon_v2
15,0.891604,0.926026,0.787500,0.786341,0.800000,0.790698,0.809524,0.763158,0.500000,29,9,8,34,11,hoptimus1;virchow;hibou_l;hoptimus0;lunit-vits8;uni_v2;gigapath;kaiko-vitb16;uni_v1;virchow2;kaiko-vitl14;musk;conch_v1;phikon;phikon_v2
15,0.890351,0.926775,0.812500,0.812657,0.819277,0.829268,0.809524,0.815789,0.500000,31,7,8,34,12,hoptimus1;virchow;hibou_l;hoptimus0;lunit-vits8;uni_v2;gigapath;kaiko-vitb16;uni_v1;virchow2;kaiko-vitl14;musk;conch_v1;phikon;phikon_v2
15,0.897243,0.923866,0.800000,0.799499,0.809524,0.809524,0.809524,0.789474,0.500000,30,8,8,34,13,hoptimus1;virchow;hibou_l;hoptimus0;lunit-vits8;uni_v2;gigapath;kaiko-vitb16;uni_v1;virchow2;kaiko-vitl14;musk;conch_v1;phikon;phikon_v2
15,0.889724,0.923047,0.825000,0.825815,0.829268,0.850000,0.809524,0.842105,0.500000,32,6,8,34,14,hoptimus1;virchow;hibou_l;hoptimus0;lunit-vits8;uni_v2;gigapath;kaiko-vitb16;uni_v1;virchow2;kaiko-vitl14;musk;conch_v1;phikon;phikon_v2
15,0.910401,0.935341,0.812500,0.812657,0.819277,0.829268,0.809524,0.815789,0.500000,31,7,8,34,15,hoptimus1;virchow;hibou_l;hoptimus0;lunit-vits8;uni_v2;gigapath;kaiko-vitb16;uni_v1;virchow2;kaiko-vitl14;musk;conch_v1;phikon;phikon_v2
15,0.907268,0.931449,0.812500,0.812657,0.819277,0.829268,0.809524,0.815789,0.500000,31,7,8,34,16,hoptimus1;virchow;hibou_l;hoptimus0;lunit-vits8;uni_v2;gigapath;kaiko-vitb16;uni_v1;virchow2;kaiko-vitl14;musk;conch_v1;phikon;phikon_v2
15,0.882832,0.914477,0.787500,0.787594,0.795181,0.804878,0.785714,0.789474,0.500000,30,8,9,33,17,hoptimus1;virchow;hibou_l;hoptimus0;lunit-vits8;uni_v2;gigapath;kaiko-vitb16;uni_v1;virchow2;kaiko-vitl14;musk;conch_v1;phikon;phikon_v2
15,0.908521,0.935098,0.825000,0.825815,0.829268,0.850000,0.809524,0.842105,0.500000,32,6,8,34,18,hoptimus1;virchow;hibou_l;hoptimus0;lunit-vits8;uni_v2;gigapath;kaiko-vitb16;uni_v1;virchow2;kaiko-vitl14;musk;conch_v1;phikon;phikon_v2
15,0.904762,0.934471,0.800000,0.799499,0.809524,0.809524,0.809524,0.789474,0.500000,30,8,8,34,19,hoptimus1;virchow;hibou_l;hoptimus0;lunit-vits8;uni_v2;gigapath;kaiko-vitb16;uni_v1;virchow2;kaiko-vitl14;musk;conch_v1;phikon;phikon_v2
15,0.913534,0.938653,0.825000,0.824561,0.833333,0.833333,0.833333,0.815789,0.500000,31,7,7,35,20,hoptimus1;virchow;hibou_l;hoptimus0;lunit-vits8;uni_v2;gigapath;kaiko-vitb16;uni_v1;virchow2;kaiko-vitl14;musk;conch_v1;phikon;phikon_v2
16,0.905388,0.927746,0.837500,0.837719,0.843373,0.853659,0.833333,0.842105,0.500000,32,6,7,35,1,hoptimus1;virchow;hibou_l;hoptimus0;lunit-vits8;uni_v2;gigapath;kaiko-vitb16;uni_v1;virchow2;kaiko-vitl14;musk;conch_v1;phikon;phikon_v2;kaiko-vits8
16,0.894110,0.926902,0.825000,0.825815,0.829268,0.850000,0.809524,0.842105,0.500000,32,6,8,34,2,hoptimus1;virchow;hibou_l;hoptimus0;lunit-vits8;uni_v2;gigapath;kaiko-vitb16;uni_v1;virchow2;kaiko-vitl14;musk;conch_v1;phikon;phikon_v2;kaiko-vits8
16,0.897870,0.927421,0.812500,0.812657,0.819277,0.829268,0.809524,0.815789,0.500000,31,7,8,34,3,hoptimus1;virchow;hibou_l;hoptimus0;lunit-vits8;uni_v2;gigapath;kaiko-vitb16;uni_v1;virchow2;kaiko-vitl14;musk;conch_v1;phikon;phikon_v2;kaiko-vits8
16,0.889724,0.924449,0.812500,0.812657,0.819277,0.829268,0.809524,0.815789,0.500000,31,7,8,34,4,hoptimus1;virchow;hibou_l;hoptimus0;lunit-vits8;uni_v2;gigapath;kaiko-vitb16;uni_v1;virchow2;kaiko-vitl14;musk;conch_v1;phikon;phikon_v2;kaiko-vits8
16,0.892231,0.925649,0.812500,0.813910,0.814815,0.846154,0.785714,0.842105,0.500000,32,6,9,33,5,hoptimus1;virchow;hibou_l;hoptimus0;lunit-vits8;uni_v2;gigapath;kaiko-vitb16;uni_v1;virchow2;kaiko-vitl14;musk;conch_v1;phikon;phikon_v2;kaiko-vits8
16,0.884085,0.916762,0.800000,0.799499,0.809524,0.809524,0.809524,0.789474,0.500000,30,8,8,34,6,hoptimus1;virchow;hibou_l;hoptimus0;lunit-vits8;uni_v2;gigapath;kaiko-vitb16;uni_v1;virchow2;kaiko-vitl14;musk;conch_v1;phikon;phikon_v2;kaiko-vits8
16,0.894737,0.923882,0.837500,0.837719,0.843373,0.853659,0.833333,0.842105,0.500000,32,6,7,35,7,hoptimus1;virchow;hibou_l;hoptimus0;lunit-vits8;uni_v2;gigapath;kaiko-vitb16;uni_v1;virchow2;kaiko-vitl14;musk;conch_v1;phikon;phikon_v2;kaiko-vits8
16,0.890977,0.923584,0.812500,0.812657,0.819277,0.829268,0.809524,0.815789,0.500000,31,7,8,34,8,hoptimus1;virchow;hibou_l;hoptimus0;lunit-vits8;uni_v2;gigapath;kaiko-vitb16;uni_v1;virchow2;kaiko-vitl14;musk;conch_v1;phikon;phikon_v2;kaiko-vits8
16,0.889724,0.925554,0.825000,0.825815,0.829268,0.850000,0.809524,0.842105,0.500000,32,6,8,34,9,hoptimus1;virchow;hibou_l;hoptimus0;lunit-vits8;uni_v2;gigapath;kaiko-vitb16;uni_v1;virchow2;kaiko-vitl14;musk;conch_v1;phikon;phikon_v2;kaiko-vits8
16,0.880952,0.918525,0.775000,0.774436,0.785714,0.785714,0.785714,0.763158,0.500000,29,9,9,33,10,hoptimus1;virchow;hibou_l;hoptimus0;lunit-vits8;uni_v2;gigapath;kaiko-vitb16;uni_v1;virchow2;kaiko-vitl14;musk;conch_v1;phikon;phikon_v2;kaiko-vits8
16,0.894737,0.927569,0.787500,0.786341,0.800000,0.790698,0.809524,0.763158,0.500000,29,9,8,34,11,hoptimus1;virchow;hibou_l;hoptimus0;lunit-vits8;uni_v2;gigapath;kaiko-vitb16;uni_v1;virchow2;kaiko-vitl14;musk;conch_v1;phikon;phikon_v2;kaiko-vits8
16,0.883459,0.920401,0.812500,0.812657,0.819277,0.829268,0.809524,0.815789,0.500000,31,7,8,34,12,hoptimus1;virchow;hibou_l;hoptimus0;lunit-vits8;uni_v2;gigapath;kaiko-vitb16;uni_v1;virchow2;kaiko-vitl14;musk;conch_v1;phikon;phikon_v2;kaiko-vits8
16,0.894737,0.922414,0.800000,0.799499,0.809524,0.809524,0.809524,0.789474,0.500000,30,8,8,34,13,hoptimus1;virchow;hibou_l;hoptimus0;lunit-vits8;uni_v2;gigapath;kaiko-vitb16;uni_v1;virchow2;kaiko-vitl14;musk;conch_v1;phikon;phikon_v2;kaiko-vits8
16,0.890977,0.922504,0.825000,0.825815,0.829268,0.850000,0.809524,0.842105,0.500000,32,6,8,34,14,hoptimus1;virchow;hibou_l;hoptimus0;lunit-vits8;uni_v2;gigapath;kaiko-vitb16;uni_v1;virchow2;kaiko-vitl14;musk;conch_v1;phikon;phikon_v2;kaiko-vits8
16,0.908521,0.934899,0.825000,0.824561,0.833333,0.833333,0.833333,0.815789,0.500000,31,7,7,35,15,hoptimus1;virchow;hibou_l;hoptimus0;lunit-vits8;uni_v2;gigapath;kaiko-vitb16;uni_v1;virchow2;kaiko-vitl14;musk;conch_v1;phikon;phikon_v2;kaiko-vits8
16,0.905388,0.929503,0.812500,0.812657,0.819277,0.829268,0.809524,0.815789,0.500000,31,7,8,34,16,hoptimus1;virchow;hibou_l;hoptimus0;lunit-vits8;uni_v2;gigapath;kaiko-vitb16;uni_v1;virchow2;kaiko-vitl14;musk;conch_v1;phikon;phikon_v2;kaiko-vits8
16,0.879699,0.911643,0.800000,0.800752,0.804878,0.825000,0.785714,0.815789,0.500000,31,7,9,33,17,hoptimus1;virchow;hibou_l;hoptimus0;lunit-vits8;uni_v2;gigapath;kaiko-vitb16;uni_v1;virchow2;kaiko-vitl14;musk;conch_v1;phikon;phikon_v2;kaiko-vits8
16,0.897870,0.928241,0.800000,0.799499,0.809524,0.809524,0.809524,0.789474,0.500000,30,8,8,34,18,hoptimus1;virchow;hibou_l;hoptimus0;lunit-vits8;uni_v2;gigapath;kaiko-vitb16;uni_v1;virchow2;kaiko-vitl14;musk;conch_v1;phikon;phikon_v2;kaiko-vits8
16,0.904135,0.933431,0.800000,0.799499,0.809524,0.809524,0.809524,0.789474,0.500000,30,8,8,34,19,hoptimus1;virchow;hibou_l;hoptimus0;lunit-vits8;uni_v2;gigapath;kaiko-vitb16;uni_v1;virchow2;kaiko-vitl14;musk;conch_v1;phikon;phikon_v2;kaiko-vits8
16,0.908521,0.934251,0.812500,0.811404,0.823529,0.813953,0.833333,0.789474,0.500000,30,8,7,35,20,hoptimus1;virchow;hibou_l;hoptimus0;lunit-vits8;uni_v2;gigapath;kaiko-vitb16;uni_v1;virchow2;kaiko-vitl14;musk;conch_v1;phikon;phikon_v2;kaiko-vits8
17,0.905388,0.927746,0.837500,0.837719,0.843373,0.853659,0.833333,0.842105,0.500000,32,6,7,35,1,hoptimus1;virchow;hibou_l;hoptimus0;lunit-vits8;uni_v2;gigapath;kaiko-vitb16;uni_v1;virchow2;kaiko-vitl14;musk;conch_v1;phikon;phikon_v2;kaiko-vits8;conch_v15
17,0.894110,0.926902,0.825000,0.825815,0.829268,0.850000,0.809524,0.842105,0.500000,32,6,8,34,2,hoptimus1;virchow;hibou_l;hoptimus0;lunit-vits8;uni_v2;gigapath;kaiko-vitb16;uni_v1;virchow2;kaiko-vitl14;musk;conch_v1;phikon;phikon_v2;kaiko-vits8;conch_v15
17,0.894737,0.925510,0.812500,0.812657,0.819277,0.829268,0.809524,0.815789,0.500000,31,7,8,34,3,hoptimus1;virchow;hibou_l;hoptimus0;lunit-vits8;uni_v2;gigapath;kaiko-vitb16;uni_v1;virchow2;kaiko-vitl14;musk;conch_v1;phikon;phikon_v2;kaiko-vits8;conch_v15
17,0.889724,0.924449,0.812500,0.812657,0.819277,0.829268,0.809524,0.815789,0.500000,31,7,8,34,4,hoptimus1;virchow;hibou_l;hoptimus0;lunit-vits8;uni_v2;gigapath;kaiko-vitb16;uni_v1;virchow2;kaiko-vitl14;musk;conch_v1;phikon;phikon_v2;kaiko-vits8;conch_v15
17,0.892231,0.925649,0.812500,0.813910,0.814815,0.846154,0.785714,0.842105,0.500000,32,6,9,33,5,hoptimus1;virchow;hibou_l;hoptimus0;lunit-vits8;uni_v2;gigapath;kaiko-vitb16;uni_v1;virchow2;kaiko-vitl14;musk;conch_v1;phikon;phikon_v2;kaiko-vits8;conch_v15
17,0.884085,0.916762,0.800000,0.799499,0.809524,0.809524,0.809524,0.789474,0.500000,30,8,8,34,6,hoptimus1;virchow;hibou_l;hoptimus0;lunit-vits8;uni_v2;gigapath;kaiko-vitb16;uni_v1;virchow2;kaiko-vitl14;musk;conch_v1;phikon;phikon_v2;kaiko-vits8;conch_v15
17,0.894737,0.923882,0.837500,0.837719,0.843373,0.853659,0.833333,0.842105,0.500000,32,6,7,35,7,hoptimus1;virchow;hibou_l;hoptimus0;lunit-vits8;uni_v2;gigapath;kaiko-vitb16;uni_v1;virchow2;kaiko-vitl14;musk;conch_v1;phikon;phikon_v2;kaiko-vits8;conch_v15
17,0.890977,0.923584,0.812500,0.812657,0.819277,0.829268,0.809524,0.815789,0.500000,31,7,8,34,8,hoptimus1;virchow;hibou_l;hoptimus0;lunit-vits8;uni_v2;gigapath;kaiko-vitb16;uni_v1;virchow2;kaiko-vitl14;musk;conch_v1;phikon;phikon_v2;kaiko-vits8;conch_v15
17,0.889724,0.925554,0.825000,0.825815,0.829268,0.850000,0.809524,0.842105,0.500000,32,6,8,34,9,hoptimus1;virchow;hibou_l;hoptimus0;lunit-vits8;uni_v2;gigapath;kaiko-vitb16;uni_v1;virchow2;kaiko-vitl14;musk;conch_v1;phikon;phikon_v2;kaiko-vits8;conch_v15
17,0.880952,0.918525,0.775000,0.774436,0.785714,0.785714,0.785714,0.763158,0.500000,29,9,9,33,10,hoptimus1;virchow;hibou_l;hoptimus0;lunit-vits8;uni_v2;gigapath;kaiko-vitb16;uni_v1;virchow2;kaiko-vitl14;musk;conch_v1;phikon;phikon_v2;kaiko-vits8;conch_v15
17,0.894737,0.927569,0.787500,0.786341,0.800000,0.790698,0.809524,0.763158,0.500000,29,9,8,34,11,hoptimus1;virchow;hibou_l;hoptimus0;lunit-vits8;uni_v2;gigapath;kaiko-vitb16;uni_v1;virchow2;kaiko-vitl14;musk;conch_v1;phikon;phikon_v2;kaiko-vits8;conch_v15
17,0.883459,0.920401,0.812500,0.812657,0.819277,0.829268,0.809524,0.815789,0.500000,31,7,8,34,12,hoptimus1;virchow;hibou_l;hoptimus0;lunit-vits8;uni_v2;gigapath;kaiko-vitb16;uni_v1;virchow2;kaiko-vitl14;musk;conch_v1;phikon;phikon_v2;kaiko-vits8;conch_v15
17,0.894737,0.922414,0.800000,0.799499,0.809524,0.809524,0.809524,0.789474,0.500000,30,8,8,34,13,hoptimus1;virchow;hibou_l;hoptimus0;lunit-vits8;uni_v2;gigapath;kaiko-vitb16;uni_v1;virchow2;kaiko-vitl14;musk;conch_v1;phikon;phikon_v2;kaiko-vits8;conch_v15
17,0.890977,0.922504,0.825000,0.825815,0.829268,0.850000,0.809524,0.842105,0.500000,32,6,8,34,14,hoptimus1;virchow;hibou_l;hoptimus0;lunit-vits8;uni_v2;gigapath;kaiko-vitb16;uni_v1;virchow2;kaiko-vitl14;musk;conch_v1;phikon;phikon_v2;kaiko-vits8;conch_v15
17,0.908521,0.934899,0.825000,0.824561,0.833333,0.833333,0.833333,0.815789,0.500000,31,7,7,35,15,hoptimus1;virchow;hibou_l;hoptimus0;lunit-vits8;uni_v2;gigapath;kaiko-vitb16;uni_v1;virchow2;kaiko-vitl14;musk;conch_v1;phikon;phikon_v2;kaiko-vits8;conch_v15
17,0.905388,0.929503,0.812500,0.812657,0.819277,0.829268,0.809524,0.815789,0.500000,31,7,8,34,16,hoptimus1;virchow;hibou_l;hoptimus0;lunit-vits8;uni_v2;gigapath;kaiko-vitb16;uni_v1;virchow2;kaiko-vitl14;musk;conch_v1;phikon;phikon_v2;kaiko-vits8;conch_v15
17,0.879699,0.911643,0.800000,0.800752,0.804878,0.825000,0.785714,0.815789,0.500000,31,7,9,33,17,hoptimus1;virchow;hibou_l;hoptimus0;lunit-vits8;uni_v2;gigapath;kaiko-vitb16;uni_v1;virchow2;kaiko-vitl14;musk;conch_v1;phikon;phikon_v2;kaiko-vits8;conch_v15
17,0.897870,0.928241,0.800000,0.799499,0.809524,0.809524,0.809524,0.789474,0.500000,30,8,8,34,18,hoptimus1;virchow;hibou_l;hoptimus0;lunit-vits8;uni_v2;gigapath;kaiko-vitb16;uni_v1;virchow2;kaiko-vitl14;musk;conch_v1;phikon;phikon_v2;kaiko-vits8;conch_v15
17,0.902882,0.932761,0.800000,0.799499,0.809524,0.809524,0.809524,0.789474,0.500000,30,8,8,34,19,hoptimus1;virchow;hibou_l;hoptimus0;lunit-vits8;uni_v2;gigapath;kaiko-vitb16;uni_v1;virchow2;kaiko-vitl14;musk;conch_v1;phikon;phikon_v2;kaiko-vits8;conch_v15
17,0.908521,0.934251,0.812500,0.811404,0.823529,0.813953,0.833333,0.789474,0.500000,30,8,7,35,20,hoptimus1;virchow;hibou_l;hoptimus0;lunit-vits8;uni_v2;gigapath;kaiko-vitb16;uni_v1;virchow2;kaiko-vitl14;musk;conch_v1;phikon;phikon_v2;kaiko-vits8;conch_v15
18,0.905388,0.927746,0.837500,0.837719,0.843373,0.853659,0.833333,0.842105,0.500000,32,6,7,35,1,hoptimus1;virchow;hibou_l;hoptimus0;lunit-vits8;uni_v2;gigapath;kaiko-vitb16;uni_v1;virchow2;kaiko-vitl14;musk;conch_v1;phikon;phikon_v2;kaiko-vits8;conch_v15;kaiko-vits16
18,0.894110,0.926902,0.825000,0.825815,0.829268,0.850000,0.809524,0.842105,0.500000,32,6,8,34,2,hoptimus1;virchow;hibou_l;hoptimus0;lunit-vits8;uni_v2;gigapath;kaiko-vitb16;uni_v1;virchow2;kaiko-vitl14;musk;conch_v1;phikon;phikon_v2;kaiko-vits8;conch_v15;kaiko-vits16
18,0.894737,0.925510,0.812500,0.812657,0.819277,0.829268,0.809524,0.815789,0.500000,31,7,8,34,3,hoptimus1;virchow;hibou_l;hoptimus0;lunit-vits8;uni_v2;gigapath;kaiko-vitb16;uni_v1;virchow2;kaiko-vitl14;musk;conch_v1;phikon;phikon_v2;kaiko-vits8;conch_v15;kaiko-vits16
18,0.889724,0.924449,0.812500,0.812657,0.819277,0.829268,0.809524,0.815789,0.500000,31,7,8,34,4,hoptimus1;virchow;hibou_l;hoptimus0;lunit-vits8;uni_v2;gigapath;kaiko-vitb16;uni_v1;virchow2;kaiko-vitl14;musk;conch_v1;phikon;phikon_v2;kaiko-vits8;conch_v15;kaiko-vits16
18,0.892231,0.925649,0.812500,0.813910,0.814815,0.846154,0.785714,0.842105,0.500000,32,6,9,33,5,hoptimus1;virchow;hibou_l;hoptimus0;lunit-vits8;uni_v2;gigapath;kaiko-vitb16;uni_v1;virchow2;kaiko-vitl14;musk;conch_v1;phikon;phikon_v2;kaiko-vits8;conch_v15;kaiko-vits16
18,0.884085,0.916762,0.800000,0.799499,0.809524,0.809524,0.809524,0.789474,0.500000,30,8,8,34,6,hoptimus1;virchow;hibou_l;hoptimus0;lunit-vits8;uni_v2;gigapath;kaiko-vitb16;uni_v1;virchow2;kaiko-vitl14;musk;conch_v1;phikon;phikon_v2;kaiko-vits8;conch_v15;kaiko-vits16
18,0.894737,0.923882,0.837500,0.837719,0.843373,0.853659,0.833333,0.842105,0.500000,32,6,7,35,7,hoptimus1;virchow;hibou_l;hoptimus0;lunit-vits8;uni_v2;gigapath;kaiko-vitb16;uni_v1;virchow2;kaiko-vitl14;musk;conch_v1;phikon;phikon_v2;kaiko-vits8;conch_v15;kaiko-vits16
18,0.890977,0.923584,0.812500,0.812657,0.819277,0.829268,0.809524,0.815789,0.500000,31,7,8,34,8,hoptimus1;virchow;hibou_l;hoptimus0;lunit-vits8;uni_v2;gigapath;kaiko-vitb16;uni_v1;virchow2;kaiko-vitl14;musk;conch_v1;phikon;phikon_v2;kaiko-vits8;conch_v15;kaiko-vits16
18,0.889724,0.925554,0.825000,0.825815,0.829268,0.850000,0.809524,0.842105,0.500000,32,6,8,34,9,hoptimus1;virchow;hibou_l;hoptimus0;lunit-vits8;uni_v2;gigapath;kaiko-vitb16;uni_v1;virchow2;kaiko-vitl14;musk;conch_v1;phikon;phikon_v2;kaiko-vits8;conch_v15;kaiko-vits16
18,0.880952,0.918525,0.775000,0.774436,0.785714,0.785714,0.785714,0.763158,0.500000,29,9,9,33,10,hoptimus1;virchow;hibou_l;hoptimus0;lunit-vits8;uni_v2;gigapath;kaiko-vitb16;uni_v1;virchow2;kaiko-vitl14;musk;conch_v1;phikon;phikon_v2;kaiko-vits8;conch_v15;kaiko-vits16
18,0.894737,0.927569,0.787500,0.786341,0.800000,0.790698,0.809524,0.763158,0.500000,29,9,8,34,11,hoptimus1;virchow;hibou_l;hoptimus0;lunit-vits8;uni_v2;gigapath;kaiko-vitb16;uni_v1;virchow2;kaiko-vitl14;musk;conch_v1;phikon;phikon_v2;kaiko-vits8;conch_v15;kaiko-vits16
18,0.883459,0.920401,0.812500,0.812657,0.819277,0.829268,0.809524,0.815789,0.500000,31,7,8,34,12,hoptimus1;virchow;hibou_l;hoptimus0;lunit-vits8;uni_v2;gigapath;kaiko-vitb16;uni_v1;virchow2;kaiko-vitl14;musk;conch_v1;phikon;phikon_v2;kaiko-vits8;conch_v15;kaiko-vits16
18,0.894737,0.922414,0.800000,0.799499,0.809524,0.809524,0.809524,0.789474,0.500000,30,8,8,34,13,hoptimus1;virchow;hibou_l;hoptimus0;lunit-vits8;uni_v2;gigapath;kaiko-vitb16;uni_v1;virchow2;kaiko-vitl14;musk;conch_v1;phikon;phikon_v2;kaiko-vits8;conch_v15;kaiko-vits16
18,0.890977,0.922504,0.825000,0.825815,0.829268,0.850000,0.809524,0.842105,0.500000,32,6,8,34,14,hoptimus1;virchow;hibou_l;hoptimus0;lunit-vits8;uni_v2;gigapath;kaiko-vitb16;uni_v1;virchow2;kaiko-vitl14;musk;conch_v1;phikon;phikon_v2;kaiko-vits8;conch_v15;kaiko-vits16
18,0.908521,0.934899,0.825000,0.824561,0.833333,0.833333,0.833333,0.815789,0.500000,31,7,7,35,15,hoptimus1;virchow;hibou_l;hoptimus0;lunit-vits8;uni_v2;gigapath;kaiko-vitb16;uni_v1;virchow2;kaiko-vitl14;musk;conch_v1;phikon;phikon_v2;kaiko-vits8;conch_v15;kaiko-vits16
18,0.905388,0.929503,0.812500,0.812657,0.819277,0.829268,0.809524,0.815789,0.500000,31,7,8,34,16,hoptimus1;virchow;hibou_l;hoptimus0;lunit-vits8;uni_v2;gigapath;kaiko-vitb16;uni_v1;virchow2;kaiko-vitl14;musk;conch_v1;phikon;phikon_v2;kaiko-vits8;conch_v15;kaiko-vits16
18,0.879699,0.911643,0.800000,0.800752,0.804878,0.825000,0.785714,0.815789,0.500000,31,7,9,33,17,hoptimus1;virchow;hibou_l;hoptimus0;lunit-vits8;uni_v2;gigapath;kaiko-vitb16;uni_v1;virchow2;kaiko-vitl14;musk;conch_v1;phikon;phikon_v2;kaiko-vits8;conch_v15;kaiko-vits16
18,0.897870,0.928241,0.800000,0.799499,0.809524,0.809524,0.809524,0.789474,0.500000,30,8,8,34,18,hoptimus1;virchow;hibou_l;hoptimus0;lunit-vits8;uni_v2;gigapath;kaiko-vitb16;uni_v1;virchow2;kaiko-vitl14;musk;conch_v1;phikon;phikon_v2;kaiko-vits8;conch_v15;kaiko-vits16
18,0.902882,0.932761,0.800000,0.799499,0.809524,0.809524,0.809524,0.789474,0.500000,30,8,8,34,19,hoptimus1;virchow;hibou_l;hoptimus0;lunit-vits8;uni_v2;gigapath;kaiko-vitb16;uni_v1;virchow2;kaiko-vitl14;musk;conch_v1;phikon;phikon_v2;kaiko-vits8;conch_v15;kaiko-vits16
18,0.908521,0.934251,0.812500,0.811404,0.823529,0.813953,0.833333,0.789474,0.500000,30,8,7,35,20,hoptimus1;virchow;hibou_l;hoptimus0;lunit-vits8;uni_v2;gigapath;kaiko-vitb16;uni_v1;virchow2;kaiko-vitl14;musk;conch_v1;phikon;phikon_v2;kaiko-vits8;conch_v15;kaiko-vits16
19,0.905388,0.927746,0.837500,0.837719,0.843373,0.853659,0.833333,0.842105,0.500000,32,6,7,35,1,hoptimus1;virchow;hibou_l;hoptimus0;lunit-vits8;uni_v2;gigapath;kaiko-vitb16;uni_v1;virchow2;kaiko-vitl14;musk;conch_v1;phikon;phikon_v2;kaiko-vits8;conch_v15;kaiko-vits16;kaiko-vitb8
19,0.894110,0.926902,0.825000,0.825815,0.829268,0.850000,0.809524,0.842105,0.500000,32,6,8,34,2,hoptimus1;virchow;hibou_l;hoptimus0;lunit-vits8;uni_v2;gigapath;kaiko-vitb16;uni_v1;virchow2;kaiko-vitl14;musk;conch_v1;phikon;phikon_v2;kaiko-vits8;conch_v15;kaiko-vits16;kaiko-vitb8
19,0.894737,0.925510,0.812500,0.812657,0.819277,0.829268,0.809524,0.815789,0.500000,31,7,8,34,3,hoptimus1;virchow;hibou_l;hoptimus0;lunit-vits8;uni_v2;gigapath;kaiko-vitb16;uni_v1;virchow2;kaiko-vitl14;musk;conch_v1;phikon;phikon_v2;kaiko-vits8;conch_v15;kaiko-vits16;kaiko-vitb8
19,0.889724,0.924449,0.812500,0.812657,0.819277,0.829268,0.809524,0.815789,0.500000,31,7,8,34,4,hoptimus1;virchow;hibou_l;hoptimus0;lunit-vits8;uni_v2;gigapath;kaiko-vitb16;uni_v1;virchow2;kaiko-vitl14;musk;conch_v1;phikon;phikon_v2;kaiko-vits8;conch_v15;kaiko-vits16;kaiko-vitb8
19,0.892231,0.925649,0.812500,0.813910,0.814815,0.846154,0.785714,0.842105,0.500000,32,6,9,33,5,hoptimus1;virchow;hibou_l;hoptimus0;lunit-vits8;uni_v2;gigapath;kaiko-vitb16;uni_v1;virchow2;kaiko-vitl14;musk;conch_v1;phikon;phikon_v2;kaiko-vits8;conch_v15;kaiko-vits16;kaiko-vitb8
19,0.884085,0.916762,0.800000,0.799499,0.809524,0.809524,0.809524,0.789474,0.500000,30,8,8,34,6,hoptimus1;virchow;hibou_l;hoptimus0;lunit-vits8;uni_v2;gigapath;kaiko-vitb16;uni_v1;virchow2;kaiko-vitl14;musk;conch_v1;phikon;phikon_v2;kaiko-vits8;conch_v15;kaiko-vits16;kaiko-vitb8
19,0.894737,0.923882,0.837500,0.837719,0.843373,0.853659,0.833333,0.842105,0.500000,32,6,7,35,7,hoptimus1;virchow;hibou_l;hoptimus0;lunit-vits8;uni_v2;gigapath;kaiko-vitb16;uni_v1;virchow2;kaiko-vitl14;musk;conch_v1;phikon;phikon_v2;kaiko-vits8;conch_v15;kaiko-vits16;kaiko-vitb8
19,0.890977,0.923584,0.812500,0.812657,0.819277,0.829268,0.809524,0.815789,0.500000,31,7,8,34,8,hoptimus1;virchow;hibou_l;hoptimus0;lunit-vits8;uni_v2;gigapath;kaiko-vitb16;uni_v1;virchow2;kaiko-vitl14;musk;conch_v1;phikon;phikon_v2;kaiko-vits8;conch_v15;kaiko-vits16;kaiko-vitb8
19,0.889724,0.925554,0.825000,0.825815,0.829268,0.850000,0.809524,0.842105,0.500000,32,6,8,34,9,hoptimus1;virchow;hibou_l;hoptimus0;lunit-vits8;uni_v2;gigapath;kaiko-vitb16;uni_v1;virchow2;kaiko-vitl14;musk;conch_v1;phikon;phikon_v2;kaiko-vits8;conch_v15;kaiko-vits16;kaiko-vitb8
19,0.880952,0.918525,0.775000,0.774436,0.785714,0.785714,0.785714,0.763158,0.500000,29,9,9,33,10,hoptimus1;virchow;hibou_l;hoptimus0;lunit-vits8;uni_v2;gigapath;kaiko-vitb16;uni_v1;virchow2;kaiko-vitl14;musk;conch_v1;phikon;phikon_v2;kaiko-vits8;conch_v15;kaiko-vits16;kaiko-vitb8
19,0.894737,0.927569,0.787500,0.786341,0.800000,0.790698,0.809524,0.763158,0.500000,29,9,8,34,11,hoptimus1;virchow;hibou_l;hoptimus0;lunit-vits8;uni_v2;gigapath;kaiko-vitb16;uni_v1;virchow2;kaiko-vitl14;musk;conch_v1;phikon;phikon_v2;kaiko-vits8;conch_v15;kaiko-vits16;kaiko-vitb8
19,0.883459,0.920401,0.812500,0.812657,0.819277,0.829268,0.809524,0.815789,0.500000,31,7,8,34,12,hoptimus1;virchow;hibou_l;hoptimus0;lunit-vits8;uni_v2;gigapath;kaiko-vitb16;uni_v1;virchow2;kaiko-vitl14;musk;conch_v1;phikon;phikon_v2;kaiko-vits8;conch_v15;kaiko-vits16;kaiko-vitb8
19,0.894737,0.922414,0.800000,0.799499,0.809524,0.809524,0.809524,0.789474,0.500000,30,8,8,34,13,hoptimus1;virchow;hibou_l;hoptimus0;lunit-vits8;uni_v2;gigapath;kaiko-vitb16;uni_v1;virchow2;kaiko-vitl14;musk;conch_v1;phikon;phikon_v2;kaiko-vits8;conch_v15;kaiko-vits16;kaiko-vitb8
19,0.890977,0.922504,0.825000,0.825815,0.829268,0.850000,0.809524,0.842105,0.500000,32,6,8,34,14,hoptimus1;virchow;hibou_l;hoptimus0;lunit-vits8;uni_v2;gigapath;kaiko-vitb16;uni_v1;virchow2;kaiko-vitl14;musk;conch_v1;phikon;phikon_v2;kaiko-vits8;conch_v15;kaiko-vits16;kaiko-vitb8
19,0.908521,0.934899,0.825000,0.824561,0.833333,0.833333,0.833333,0.815789,0.500000,31,7,7,35,15,hoptimus1;virchow;hibou_l;hoptimus0;lunit-vits8;uni_v2;gigapath;kaiko-vitb16;uni_v1;virchow2;kaiko-vitl14;musk;conch_v1;phikon;phikon_v2;kaiko-vits8;conch_v15;kaiko-vits16;kaiko-vitb8
19,0.905388,0.929503,0.812500,0.812657,0.819277,0.829268,0.809524,0.815789,0.500000,31,7,8,34,16,hoptimus1;virchow;hibou_l;hoptimus0;lunit-vits8;uni_v2;gigapath;kaiko-vitb16;uni_v1;virchow2;kaiko-vitl14;musk;conch_v1;phikon;phikon_v2;kaiko-vits8;conch_v15;kaiko-vits16;kaiko-vitb8
19,0.879699,0.911643,0.800000,0.800752,0.804878,0.825000,0.785714,0.815789,0.500000,31,7,9,33,17,hoptimus1;virchow;hibou_l;hoptimus0;lunit-vits8;uni_v2;gigapath;kaiko-vitb16;uni_v1;virchow2;kaiko-vitl14;musk;conch_v1;phikon;phikon_v2;kaiko-vits8;conch_v15;kaiko-vits16;kaiko-vitb8
19,0.897870,0.928241,0.800000,0.799499,0.809524,0.809524,0.809524,0.789474,0.500000,30,8,8,34,18,hoptimus1;virchow;hibou_l;hoptimus0;lunit-vits8;uni_v2;gigapath;kaiko-vitb16;uni_v1;virchow2;kaiko-vitl14;musk;conch_v1;phikon;phikon_v2;kaiko-vits8;conch_v15;kaiko-vits16;kaiko-vitb8
19,0.902882,0.932761,0.800000,0.799499,0.809524,0.809524,0.809524,0.789474,0.500000,30,8,8,34,19,hoptimus1;virchow;hibou_l;hoptimus0;lunit-vits8;uni_v2;gigapath;kaiko-vitb16;uni_v1;virchow2;kaiko-vitl14;musk;conch_v1;phikon;phikon_v2;kaiko-vits8;conch_v15;kaiko-vits16;kaiko-vitb8
19,0.908521,0.934251,0.812500,0.811404,0.823529,0.813953,0.833333,0.789474,0.500000,30,8,7,35,20,hoptimus1;virchow;hibou_l;hoptimus0;lunit-vits8;uni_v2;gigapath;kaiko-vitb16;uni_v1;virchow2;kaiko-vitl14;musk;conch_v1;phikon;phikon_v2;kaiko-vits8;conch_v15;kaiko-vits16;kaiko-vitb8
20,0.904135,0.925888,0.837500,0.837719,0.843373,0.853659,0.833333,0.842105,0.500000,32,6,7,35,1,hoptimus1;virchow;hibou_l;hoptimus0;lunit-vits8;uni_v2;gigapath;kaiko-vitb16;uni_v1;virchow2;kaiko-vitl14;musk;conch_v1;phikon;phikon_v2;kaiko-vits8;conch_v15;kaiko-vits16;kaiko-vitb8;resnet50
20,0.894110,0.926902,0.825000,0.825815,0.829268,0.850000,0.809524,0.842105,0.500000,32,6,8,34,2,hoptimus1;virchow;hibou_l;hoptimus0;lunit-vits8;uni_v2;gigapath;kaiko-vitb16;uni_v1;virchow2;kaiko-vitl14;musk;conch_v1;phikon;phikon_v2;kaiko-vits8;conch_v15;kaiko-vits16;kaiko-vitb8;resnet50
20,0.890977,0.921886,0.825000,0.825815,0.829268,0.850000,0.809524,0.842105,0.500000,32,6,8,34,3,hoptimus1;virchow;hibou_l;hoptimus0;lunit-vits8;uni_v2;gigapath;kaiko-vitb16;uni_v1;virchow2;kaiko-vitl14;musk;conch_v1;phikon;phikon_v2;kaiko-vits8;conch_v15;kaiko-vits16;kaiko-vitb8;resnet50
20,0.889724,0.924449,0.812500,0.812657,0.819277,0.829268,0.809524,0.815789,0.500000,31,7,8,34,4,hoptimus1;virchow;hibou_l;hoptimus0;lunit-vits8;uni_v2;gigapath;kaiko-vitb16;uni_v1;virchow2;kaiko-vitl14;musk;conch_v1;phikon;phikon_v2;kaiko-vits8;conch_v15;kaiko-vits16;kaiko-vitb8;resnet50
20,0.892231,0.925649,0.812500,0.813910,0.814815,0.846154,0.785714,0.842105,0.500000,32,6,9,33,5,hoptimus1;virchow;hibou_l;hoptimus0;lunit-vits8;uni_v2;gigapath;kaiko-vitb16;uni_v1;virchow2;kaiko-vitl14;musk;conch_v1;phikon;phikon_v2;kaiko-vits8;conch_v15;kaiko-vits16;kaiko-vitb8;resnet50
20,0.884085,0.916762,0.800000,0.799499,0.809524,0.809524,0.809524,0.789474,0.500000,30,8,8,34,6,hoptimus1;virchow;hibou_l;hoptimus0;lunit-vits8;uni_v2;gigapath;kaiko-vitb16;uni_v1;virchow2;kaiko-vitl14;musk;conch_v1;phikon;phikon_v2;kaiko-vits8;conch_v15;kaiko-vits16;kaiko-vitb8;resnet50
20,0.894737,0.923882,0.837500,0.837719,0.843373,0.853659,0.833333,0.842105,0.500000,32,6,7,35,7,hoptimus1;virchow;hibou_l;hoptimus0;lunit-vits8;uni_v2;gigapath;kaiko-vitb16;uni_v1;virchow2;kaiko-vitl14;musk;conch_v1;phikon;phikon_v2;kaiko-vits8;conch_v15;kaiko-vits16;kaiko-vitb8;resnet50
20,0.890977,0.923584,0.812500,0.812657,0.819277,0.829268,0.809524,0.815789,0.500000,31,7,8,34,8,hoptimus1;virchow;hibou_l;hoptimus0;lunit-vits8;uni_v2;gigapath;kaiko-vitb16;uni_v1;virchow2;kaiko-vitl14;musk;conch_v1;phikon;phikon_v2;kaiko-vits8;conch_v15;kaiko-vits16;kaiko-vitb8;resnet50
20,0.887845,0.924232,0.825000,0.825815,0.829268,0.850000,0.809524,0.842105,0.500000,32,6,8,34,9,hoptimus1;virchow;hibou_l;hoptimus0;lunit-vits8;uni_v2;gigapath;kaiko-vitb16;uni_v1;virchow2;kaiko-vitl14;musk;conch_v1;phikon;phikon_v2;kaiko-vits8;conch_v15;kaiko-vits16;kaiko-vitb8;resnet50
20,0.880952,0.918525,0.775000,0.774436,0.785714,0.785714,0.785714,0.763158,0.500000,29,9,9,33,10,hoptimus1;virchow;hibou_l;hoptimus0;lunit-vits8;uni_v2;gigapath;kaiko-vitb16;uni_v1;virchow2;kaiko-vitl14;musk;conch_v1;phikon;phikon_v2;kaiko-vits8;conch_v15;kaiko-vits16;kaiko-vitb8;resnet50
20,0.894737,0.927569,0.787500,0.786341,0.800000,0.790698,0.809524,0.763158,0.500000,29,9,8,34,11,hoptimus1;virchow;hibou_l;hoptimus0;lunit-vits8;uni_v2;gigapath;kaiko-vitb16;uni_v1;virchow2;kaiko-vitl14;musk;conch_v1;phikon;phikon_v2;kaiko-vits8;conch_v15;kaiko-vits16;kaiko-vitb8;resnet50
20,0.883459,0.920401,0.812500,0.812657,0.819277,0.829268,0.809524,0.815789,0.500000,31,7,8,34,12,hoptimus1;virchow;hibou_l;hoptimus0;lunit-vits8;uni_v2;gigapath;kaiko-vitb16;uni_v1;virchow2;kaiko-vitl14;musk;conch_v1;phikon;phikon_v2;kaiko-vits8;conch_v15;kaiko-vits16;kaiko-vitb8;resnet50
20,0.894737,0.922414,0.800000,0.799499,0.809524,0.809524,0.809524,0.789474,0.500000,30,8,8,34,13,hoptimus1;virchow;hibou_l;hoptimus0;lunit-vits8;uni_v2;gigapath;kaiko-vitb16;uni_v1;virchow2;kaiko-vitl14;musk;conch_v1;phikon;phikon_v2;kaiko-vits8;conch_v15;kaiko-vits16;kaiko-vitb8;resnet50
20,0.890977,0.922504,0.825000,0.825815,0.829268,0.850000,0.809524,0.842105,0.500000,32,6,8,34,14,hoptimus1;virchow;hibou_l;hoptimus0;lunit-vits8;uni_v2;gigapath;kaiko-vitb16;uni_v1;virchow2;kaiko-vitl14;musk;conch_v1;phikon;phikon_v2;kaiko-vits8;conch_v15;kaiko-vits16;kaiko-vitb8;resnet50
20,0.908521,0.934899,0.825000,0.824561,0.833333,0.833333,0.833333,0.815789,0.500000,31,7,7,35,15,hoptimus1;virchow;hibou_l;hoptimus0;lunit-vits8;uni_v2;gigapath;kaiko-vitb16;uni_v1;virchow2;kaiko-vitl14;musk;conch_v1;phikon;phikon_v2;kaiko-vits8;conch_v15;kaiko-vits16;kaiko-vitb8;resnet50
20,0.905388,0.929503,0.812500,0.812657,0.819277,0.829268,0.809524,0.815789,0.500000,31,7,8,34,16,hoptimus1;virchow;hibou_l;hoptimus0;lunit-vits8;uni_v2;gigapath;kaiko-vitb16;uni_v1;virchow2;kaiko-vitl14;musk;conch_v1;phikon;phikon_v2;kaiko-vits8;conch_v15;kaiko-vits16;kaiko-vitb8;resnet50
20,0.879699,0.911643,0.800000,0.800752,0.804878,0.825000,0.785714,0.815789,0.500000,31,7,9,33,17,hoptimus1;virchow;hibou_l;hoptimus0;lunit-vits8;uni_v2;gigapath;kaiko-vitb16;uni_v1;virchow2;kaiko-vitl14;musk;conch_v1;phikon;phikon_v2;kaiko-vits8;conch_v15;kaiko-vits16;kaiko-vitb8;resnet50
20,0.897870,0.928241,0.800000,0.799499,0.809524,0.809524,0.809524,0.789474,0.500000,30,8,8,34,18,hoptimus1;virchow;hibou_l;hoptimus0;lunit-vits8;uni_v2;gigapath;kaiko-vitb16;uni_v1;virchow2;kaiko-vitl14;musk;conch_v1;phikon;phikon_v2;kaiko-vits8;conch_v15;kaiko-vits16;kaiko-vitb8;resnet50
20,0.902882,0.932761,0.800000,0.799499,0.809524,0.809524,0.809524,0.789474,0.500000,30,8,8,34,19,hoptimus1;virchow;hibou_l;hoptimus0;lunit-vits8;uni_v2;gigapath;kaiko-vitb16;uni_v1;virchow2;kaiko-vitl14;musk;conch_v1;phikon;phikon_v2;kaiko-vits8;conch_v15;kaiko-vits16;kaiko-vitb8;resnet50
20,0.908521,0.934251,0.812500,0.811404,0.823529,0.813953,0.833333,0.789474,0.500000,30,8,7,35,20,hoptimus1;virchow;hibou_l;hoptimus0;lunit-vits8;uni_v2;gigapath;kaiko-vitb16;uni_v1;virchow2;kaiko-vitl14;musk;conch_v1;phikon;phikon_v2;kaiko-vits8;conch_v15;kaiko-vits16;kaiko-vitb8;resnet50
21,0.906642,0.921561,0.837500,0.837719,0.843373,0.853659,0.833333,0.842105,0.500000,32,6,7,35,1,hoptimus1;virchow;hibou_l;hoptimus0;lunit-vits8;uni_v2;gigapath;kaiko-vitb16;uni_v1;virchow2;kaiko-vitl14;musk;conch_v1;phikon;phikon_v2;kaiko-vits8;conch_v15;kaiko-vits16;kaiko-vitb8;resnet50;midnight12k
21,0.895363,0.917110,0.825000,0.824561,0.833333,0.833333,0.833333,0.815789,0.500000,31,7,7,35,2,hoptimus1;virchow;hibou_l;hoptimus0;lunit-vits8;uni_v2;gigapath;kaiko-vitb16;uni_v1;virchow2;kaiko-vitl14;musk;conch_v1;phikon;phikon_v2;kaiko-vits8;conch_v15;kaiko-vits16;kaiko-vitb8;resnet50;midnight12k
21,0.904762,0.928762,0.837500,0.837719,0.843373,0.853659,0.833333,0.842105,0.500000,32,6,7,35,3,hoptimus1;virchow;hibou_l;hoptimus0;lunit-vits8;uni_v2;gigapath;kaiko-vitb16;uni_v1;virchow2;kaiko-vitl14;musk;conch_v1;phikon;phikon_v2;kaiko-vits8;conch_v15;kaiko-vits16;kaiko-vitb8;resnet50;midnight12k
21,0.898496,0.928514,0.787500,0.785088,0.804598,0.777778,0.833333,0.736842,0.500000,28,10,7,35,4,hoptimus1;virchow;hibou_l;hoptimus0;lunit-vits8;uni_v2;gigapath;kaiko-vitb16;uni_v1;virchow2;kaiko-vitl14;musk;conch_v1;phikon;phikon_v2;kaiko-vits8;conch_v15;kaiko-vits16;kaiko-vitb8;resnet50;midnight12k
21,0.899749,0.923834,0.812500,0.813910,0.814815,0.846154,0.785714,0.842105,0.500000,32,6,9,33,5,hoptimus1;virchow;hibou_l;hoptimus0;lunit-vits8;uni_v2;gigapath;kaiko-vitb16;uni_v1;virchow2;kaiko-vitl14;musk;conch_v1;phikon;phikon_v2;kaiko-vits8;conch_v15;kaiko-vits16;kaiko-vitb8;resnet50;midnight12k
21,0.893484,0.919583,0.825000,0.825815,0.829268,0.850000,0.809524,0.842105,0.500000,32,6,8,34,6,hoptimus1;virchow;hibou_l;hoptimus0;lunit-vits8;uni_v2;gigapath;kaiko-vitb16;uni_v1;virchow2;kaiko-vitl14;musk;conch_v1;phikon;phikon_v2;kaiko-vits8;conch_v15;kaiko-vits16;kaiko-vitb8;resnet50;midnight12k
21,0.899749,0.923787,0.812500,0.811404,0.823529,0.813953,0.833333,0.789474,0.500000,30,8,7,35,7,hoptimus1;virchow;hibou_l;hoptimus0;lunit-vits8;uni_v2;gigapath;kaiko-vitb16;uni_v1;virchow2;kaiko-vitl14;musk;conch_v1;phikon;phikon_v2;kaiko-vits8;conch_v15;kaiko-vits16;kaiko-vitb8;resnet50;midnight12k
21,0.897243,0.924015,0.812500,0.812657,0.819277,0.829268,0.809524,0.815789,0.500000,31,7,8,34,8,hoptimus1;virchow;hibou_l;hoptimus0;lunit-vits8;uni_v2;gigapath;kaiko-vitb16;uni_v1;virchow2;kaiko-vitl14;musk;conch_v1;phikon;phikon_v2;kaiko-vits8;conch_v15;kaiko-vits16;kaiko-vitb8;resnet50;midnight12k
21,0.899749,0.927975,0.812500,0.812657,0.819277,0.829268,0.809524,0.815789,0.500000,31,7,8,34,9,hoptimus1;virchow;hibou_l;hoptimus0;lunit-vits8;uni_v2;gigapath;kaiko-vitb16;uni_v1;virchow2;kaiko-vitl14;musk;conch_v1;phikon;phikon_v2;kaiko-vits8;conch_v15;kaiko-vits16;kaiko-vitb8;resnet50;midnight12k
21,0.888471,0.917759,0.812500,0.812657,0.819277,0.829268,0.809524,0.815789,0.500000,31,7,8,34,10,hoptimus1;virchow;hibou_l;hoptimus0;lunit-vits8;uni_v2;gigapath;kaiko-vitb16;uni_v1;virchow2;kaiko-vitl14;musk;conch_v1;phikon;phikon_v2;kaiko-vits8;conch_v15;kaiko-vits16;kaiko-vitb8;resnet50;midnight12k
21,0.910401,0.936199,0.825000,0.823308,0.837209,0.818182,0.857143,0.789474,0.500000,30,8,6,36,11,hoptimus1;virchow;hibou_l;hoptimus0;lunit-vits8;uni_v2;gigapath;kaiko-vitb16;uni_v1;virchow2;kaiko-vitl14;musk;conch_v1;phikon;phikon_v2;kaiko-vits8;conch_v15;kaiko-vits16;kaiko-vitb8;resnet50;midnight12k
21,0.889724,0.925261,0.812500,0.811404,0.823529,0.813953,0.833333,0.789474,0.500000,30,8,7,35,12,hoptimus1;virchow;hibou_l;hoptimus0;lunit-vits8;uni_v2;gigapath;kaiko-vitb16;uni_v1;virchow2;kaiko-vitl14;musk;conch_v1;phikon;phikon_v2;kaiko-vits8;conch_v15;kaiko-vits16;kaiko-vitb8;resnet50;midnight12k
21,0.899123,0.924525,0.800000,0.799499,0.809524,0.809524,0.809524,0.789474,0.500000,30,8,8,34,13,hoptimus1;virchow;hibou_l;hoptimus0;lunit-vits8;uni_v2;gigapath;kaiko-vitb16;uni_v1;virchow2;kaiko-vitl14;musk;conch_v1;phikon;phikon_v2;kaiko-vits8;conch_v15;kaiko-vits16;kaiko-vitb8;resnet50;midnight12k
21,0.904135,0.928010,0.825000,0.825815,0.829268,0.850000,0.809524,0.842105,0.500000,32,6,8,34,14,hoptimus1;virchow;hibou_l;hoptimus0;lunit-vits8;uni_v2;gigapath;kaiko-vitb16;uni_v1;virchow2;kaiko-vitl14;musk;conch_v1;phikon;phikon_v2;kaiko-vits8;conch_v15;kaiko-vits16;kaiko-vitb8;resnet50;midnight12k
21,0.912907,0.935537,0.837500,0.837719,0.843373,0.853659,0.833333,0.842105,0.500000,32,6,7,35,15,hoptimus1;virchow;hibou_l;hoptimus0;lunit-vits8;uni_v2;gigapath;kaiko-vitb16;uni_v1;virchow2;kaiko-vitl14;musk;conch_v1;phikon;phikon_v2;kaiko-vits8;conch_v15;kaiko-vits16;kaiko-vitb8;resnet50;midnight12k
21,0.902882,0.926998,0.812500,0.811404,0.823529,0.813953,0.833333,0.789474,0.500000,30,8,7,35,16,hoptimus1;virchow;hibou_l;hoptimus0;lunit-vits8;uni_v2;gigapath;kaiko-vitb16;uni_v1;virchow2;kaiko-vitl14;musk;conch_v1;phikon;phikon_v2;kaiko-vits8;conch_v15;kaiko-vits16;kaiko-vitb8;resnet50;midnight12k
21,0.895363,0.920999,0.800000,0.800752,0.804878,0.825000,0.785714,0.815789,0.500000,31,7,9,33,17,hoptimus1;virchow;hibou_l;hoptimus0;lunit-vits8;uni_v2;gigapath;kaiko-vitb16;uni_v1;virchow2;kaiko-vitl14;musk;conch_v1;phikon;phikon_v2;kaiko-vits8;conch_v15;kaiko-vits16;kaiko-vitb8;resnet50;midnight12k
21,0.918546,0.938976,0.837500,0.837719,0.843373,0.853659,0.833333,0.842105,0.500000,32,6,7,35,18,hoptimus1;virchow;hibou_l;hoptimus0;lunit-vits8;uni_v2;gigapath;kaiko-vitb16;uni_v1;virchow2;kaiko-vitl14;musk;conch_v1;phikon;phikon_v2;kaiko-vits8;conch_v15;kaiko-vits16;kaiko-vitb8;resnet50;midnight12k
21,0.909148,0.934985,0.800000,0.798246,0.813953,0.795455,0.833333,0.763158,0.500000,29,9,7,35,19,hoptimus1;virchow;hibou_l;hoptimus0;lunit-vits8;uni_v2;gigapath;kaiko-vitb16;uni_v1;virchow2;kaiko-vitl14;musk;conch_v1;phikon;phikon_v2;kaiko-vits8;conch_v15;kaiko-vits16;kaiko-vitb8;resnet50;midnight12k
21,0.914787,0.935237,0.850000,0.849624,0.857143,0.857143,0.857143,0.842105,0.500000,32,6,6,36,20,hoptimus1;virchow;hibou_l;hoptimus0;lunit-vits8;uni_v2;gigapath;kaiko-vitb16;uni_v1;virchow2;kaiko-vitl14;musk;conch_v1;phikon;phikon_v2;kaiko-vits8;conch_v15;kaiko-vits16;kaiko-vitb8;resnet50;midnight12k
