source,n,method,n_folds,auc_mean,auc_std,auprc_mean,auprc_std,f1_mean,f1_std,parameters_mean,parameters_std,flops_mean,flops_std
CoR-Fuse,2,CoR-Fuse,5,0.846467,0.087344,0.878468,0.089213,0.737469,0.167654,2.370000,0.000000,25.542000,2.038423
CoR-Fuse,3,CoR-Fuse,5,0.855529,0.082677,0.891331,0.082629,0.759272,0.111114,3.150000,0.000000,34.306000,2.739285
CoR-Fuse,4,CoR-Fuse,5,0.824756,0.114841,0.853402,0.126701,0.787143,0.132711,3.940000,0.000000,43.072000,3.439160
CoR-Fuse,5,CoR-Fuse,5,0.826957,0.088906,0.874232,0.088997,0.735476,0.181602,4.210000,0.000000,46.012000,3.674523
CoR-Fuse,6,CoR-Fuse,5,0.815331,0.101971,0.859107,0.092994,0.759982,0.146361,4.730000,0.000000,51.862000,4.140286
CoR-Fuse,7,CoR-Fuse,5,0.839705,0.086547,0.879191,0.083559,0.737619,0.125564,5.520000,0.000000,60.628000,4.840162
CoR-Fuse,8,CoR-Fuse,5,0.850202,0.092745,0.880705,0.092717,0.759492,0.140534,5.910000,0.000000,65.024000,5.190807
CoR-Fuse,9,CoR-Fuse,5,0.831204,0.124839,0.865854,0.112319,0.769986,0.146609,6.310000,0.000000,69.420000,5.542910
CoR-Fuse,10,CoR-Fuse,5,0.834280,0.111908,0.877156,0.097917,0.748063,0.132713,6.830000,0.000000,75.272000,6.011753
Offline baselines,2,concat,5,0.805898,0.073229,0.865185,0.066815,0.719373,0.085989,2.820000,0.000000,31.392000,2.508250
Offline baselines,2,cross_attention,5,0.872688,0.069700,0.905106,0.052820,0.682938,0.151254,4.400000,0.000000,54.830000,4.376637
Offline baselines,2,gated,5,0.837405,0.089469,0.854318,0.132837,0.762506,0.121707,2.300000,0.000000,25.542000,2.038423
Offline baselines,2,mean,5,0.827007,0.123700,0.851256,0.138384,0.739201,0.157314,2.300000,0.000000,25.542000,2.038423
Offline baselines,2,self_attention,5,0.867758,0.135141,0.887114,0.098448,0.789957,0.131848,4.930000,0.000000,78.100000,6.234389
Offline baselines,2,static_global_weight,5,0.830181,0.121801,0.852538,0.137643,0.727409,0.141567,2.300000,0.000000,25.542000,2.038423
Offline baselines,3,concat,5,0.749422,0.180124,0.841506,0.095723,0.729786,0.103854,3.870000,0.000000,43.072000,3.439160
Offline baselines,3,cross_attention,5,0.880826,0.057500,0.904667,0.064497,0.718552,0.119604,5.190000,0.000000,69.478000,5.545356
Offline baselines,3,gated,5,0.799409,0.130257,0.833129,0.147993,0.752885,0.148331,3.090000,0.000000,34.306000,2.739285
Offline baselines,3,mean,5,0.875301,0.068329,0.898779,0.078262,0.773651,0.158323,3.090000,0.000000,34.306000,2.739285
Offline baselines,3,self_attention,5,0.813195,0.173405,0.807122,0.191953,0.721537,0.162761,5.980000,0.000000,113.126000,9.030605
Offline baselines,3,static_global_weight,5,0.868952,0.076906,0.890121,0.093028,0.759272,0.161095,3.090000,0.000000,34.306000,2.739285
Offline baselines,4,concat,5,0.711014,0.182999,0.761592,0.161909,0.714920,0.120123,4.920000,0.000000,54.746000,4.371319
Offline baselines,4,cross_attention,5,0.832490,0.120672,0.877544,0.087789,0.717461,0.108472,5.980000,0.000000,84.122000,6.716946
Offline baselines,4,gated,5,0.842830,0.092727,0.874455,0.093741,0.705877,0.106954,3.870000,0.000000,43.072000,3.439160
Offline baselines,4,mean,5,0.805708,0.123385,0.846086,0.127168,0.734524,0.162555,3.870000,0.000000,43.072000,3.439160
Offline baselines,4,self_attention,5,0.839960,0.059397,0.873568,0.058918,0.767670,0.053173,7.030000,0.000000,148.158000,11.826469
Offline baselines,4,static_global_weight,5,0.805708,0.123385,0.846086,0.127168,0.734524,0.162555,3.870000,0.000000,43.072000,3.439160
Offline baselines,5,concat,5,0.839656,0.058052,0.873646,0.065971,0.688388,0.093970,5.450000,0.000000,60.600000,4.837716
Offline baselines,5,cross_attention,5,0.867312,0.101440,0.898702,0.080472,0.735808,0.099195,6.240000,0.000000,92.940000,7.419060
Offline baselines,5,gated,5,0.846615,0.109725,0.882445,0.090702,0.780980,0.146716,4.140000,0.000000,46.012000,3.674523
Offline baselines,5,mean,5,0.808520,0.142509,0.840833,0.146706,0.738254,0.168307,4.140000,0.000000,46.012000,3.674523
Offline baselines,5,self_attention,5,0.807390,0.102082,0.862647,0.077366,0.772691,0.048346,7.550000,0.000000,177.362000,14.159369
Offline baselines,5,static_global_weight,5,0.808520,0.142509,0.840833,0.146706,0.738254,0.168307,4.140000,0.000000,46.012000,3.674523
Offline baselines,6,concat,5,0.792795,0.061437,0.846785,0.019168,0.706169,0.047662,6.240000,0.000000,69.366000,5.537592
Offline baselines,6,cross_attention,5,0.827472,0.071905,0.878034,0.074288,0.769759,0.106502,6.770000,0.000000,104.676000,8.354300
Offline baselines,6,gated,5,0.818555,0.134317,0.871244,0.103808,0.749545,0.166049,4.660000,0.000000,51.862000,4.140286
Offline baselines,6,mean,5,0.831204,0.108653,0.871579,0.096328,0.722199,0.170685,4.660000,0.000000,51.862000,4.140286
Offline baselines,6,self_attention,5,0.649006,0.186642,0.734721,0.116997,0.620563,0.085602,8.340000,0.000000,209.476000,16.722106
Offline baselines,6,static_global_weight,5,0.831204,0.108653,0.871579,0.096328,0.722199,0.170685,4.660000,0.000000,51.862000,4.140286
Offline baselines,7,concat,5,0.843540,0.092214,0.867273,0.087063,0.758275,0.064883,7.290000,0.000000,81.038000,6.470740
Offline baselines,7,cross_attention,5,0.868078,0.078439,0.914623,0.058354,0.715105,0.122447,7.560000,0.000000,119.320000,9.525891
Offline baselines,7,gated,5,0.834115,0.112584,0.877639,0.090702,0.763095,0.137318,5.450000,0.000000,60.628000,4.840162
Offline baselines,7,mean,5,0.830792,0.113288,0.872935,0.095872,0.737885,0.158462,5.450000,0.000000,60.628000,4.840162
Offline baselines,7,self_attention,5,0.847340,0.095079,0.880366,0.090809,0.747374,0.106285,9.390000,0.000000,244.506000,19.520416
Offline baselines,7,static_global_weight,5,0.830792,0.113288,0.872935,0.095872,0.737885,0.158462,5.450000,0.000000,60.628000,4.840162
Offline baselines,8,concat,5,0.830281,0.066502,0.873248,0.074906,0.759325,0.125243,7.940000,0.000000,88.348000,7.053876
Offline baselines,8,cross_attention,5,0.788549,0.117977,0.835123,0.097317,0.747244,0.138848,7.950000,0.000000,129.598000,10.345379
Offline baselines,8,gated,5,0.863263,0.088066,0.879686,0.093101,0.732601,0.164223,5.850000,0.000000,65.022000,5.193252
Offline baselines,8,mean,5,0.846879,0.102341,0.888678,0.087699,0.738375,0.162822,5.850000,0.000000,65.022000,5.193252
Offline baselines,8,self_attention,5,0.744517,0.106641,0.775679,0.148348,0.687916,0.089659,10.050000,0.000000,275.166000,21.964529
Offline baselines,8,static_global_weight,5,0.846879,0.102341,0.888678,0.087699,0.738375,0.162822,5.850000,0.000000,65.022000,5.193252
Offline baselines,9,concat,5,0.807761,0.097415,0.834676,0.122800,0.707277,0.096994,8.600000,0.000000,95.654000,7.636379
Offline baselines,9,cross_attention,5,0.837454,0.102410,0.886127,0.074467,0.780875,0.075632,8.340000,0.000000,139.876000,11.165482
Offline baselines,9,gated,5,0.827667,0.116217,0.862560,0.107313,0.751158,0.148428,6.240000,0.000000,69.420000,5.542910
Offline baselines,9,mean,5,0.814770,0.116948,0.861504,0.103179,0.727409,0.141567,6.240000,0.000000,69.420000,5.542910
Offline baselines,9,self_attention,5,0.764785,0.085095,0.840046,0.011851,0.709513,0.097651,10.700000,0.000000,305.826000,24.415066
Offline baselines,9,static_global_weight,5,0.814770,0.116948,0.861504,0.103179,0.727409,0.141567,6.240000,0.000000,69.420000,5.542910
Offline baselines,10,concat,5,0.862653,0.080034,0.888768,0.084468,0.796451,0.079855,9.390000,0.000000,104.420000,8.336255
Offline baselines,10,cross_attention,5,0.822043,0.108763,0.871651,0.073827,0.763972,0.126313,8.870000,0.000000,151.610000,12.101709
Offline baselines,10,gated,5,0.831452,0.125747,0.858851,0.115050,0.760612,0.175484,6.770000,0.000000,75.272000,6.011753
Offline baselines,10,mean,5,0.821318,0.118305,0.856627,0.111933,0.741331,0.165260,6.770000,0.000000,75.272000,6.011753
Offline baselines,10,self_attention,5,0.754337,0.072515,0.801963,0.100646,0.673189,0.064618,11.490000,0.000000,337.944000,26.978999
Offline baselines,10,static_global_weight,5,0.821318,0.118305,0.856627,0.111933,0.741331,0.165260,6.770000,0.000000,75.272000,6.011753
